標的名稱,代碼,幣別,類型,成立日期,風險收益等級,配息頻率,淨值日期,淨值,三個月(%),六個月(%),一年(%),三年(%),成立以來(%),年化標準差,年化Sharpe,年化Beta,規模日期,基金規模,嘉實基金評等,備註
摩根JPM南韓基金,JFZ11-JF002,美元,,1991/12/11,RR5,,2026/09/23,188.23,-0.33,41.52,96.65,183.52,,36.97,0.58,0.77,188.23,671百萬,,正常狀態
安聯全球資源基金,TLZ06-DS005,歐元,,1983/07/25,RR4,,2026/09/23,145.53,8.04,23.25,53.11,87.87,,38.06,0.37,-0.25,145.53,418百萬,,已下架但可原定期(不)定額
摩根JPM太平洋科技基金,JFZ57-JF014,美元,,1997/08/15,RR5,,2026/09/24,180.17,-12.49,42.81,48.74,150.27,,36.1,0.36,0.79,180.17,"1,806百萬",,正常狀態
施羅德環球基金系列-環球能源基金A1股-累積,PYZE3-SD026,美元,,2006/06/30,RR5,,2026/09/24,27.6492,11.31,4.01,47.51,59.88,,22.03,0.53,0.8,27.6492,746百萬,,正常狀態
先機亞太股票入息基金L類累積股(美元)(基金之配息來源可能為本金且並無保證收益及配息),SGF42-SKD02,美元,,2000/09/13,RR5,,2026/09/23,9.3617,6.3,35.66,47.15,116.22,,20.71,0.56,1.07,9.3617,264百萬,,正常狀態
聯博 - 國際科技基金A股,ALZ03-AB004,美元,,1995/10/02,RR4,,2026/09/25,1614.17,-3.83,35.02,46.03,179.04,,27.45,0.43,0.99,1614.17,"3,417百萬",,正常狀態
瑞銀(盧森堡)生化股票基金,SBZ36-UBS018,美元,,1996/10/15,RR4,,2026/09/22,1094.51,12.79,26.2,45.2,71.02,,20.19,0.55,1.01,1094.51,483百萬,,正常狀態
富蘭克林坦伯頓全球投資系列-生技領航基金,FLZ81-FL004,美元,,2000/04/03,RR4,,2026/09/25,66.24,-1.53,12.65,44.98,103.38,,25.49,0.45,1.13,66.24,"2,164百萬",,正常狀態
富蘭克林坦伯頓全球投資系列-亞洲成長基金,FLZ25-FL028,美元,,1991/04/16,RR5,,2026/09/25,58.27,-1.72,29.32,44.2,99.76,,24.82,0.45,1.38,58.27,"2,357百萬",,正常狀態
聯博 - 亞洲股票基金AD股(月配息)-南非幣避險(基金之配息來源可能為本金)*,ALB80-AB062,南非幣,,2013/08/20,RR5,,2026/09/25,150.15,-5.19,19.73,44.17,115.18,,26.93,0.42,1.48,150.15,497百萬,,正常狀態
摩根JPM環球天然資源基金(歐元)-A股(分派)(本基金之配息來源可能為本金),JFZ74-JF024,歐元,,2005/03/14,RR4,,2026/09/24,25.39,14.78,8.4,42.52,67.9,,21.03,0.5,0.49,25.39,"1,305百萬",,正常狀態
聯博 - 亞洲股票基金AD股(月配息)(基金之配息來源可能為本金)*,ALB11-AB033,美元,,2009/11/30,RR5,,2026/09/25,23.82,-5.83,18.68,42.38,105.82,,27.01,0.41,1.48,23.82,497百萬,,正常狀態
聯博 - 亞洲股票基金AD股(月配權)(基金之配息來源可能為本金)*,ALB11-AB041,美元,,2009/11/30,RR5,,2026/09/25,23.82,-5.83,18.68,42.38,105.82,,27.01,0.41,1.48,23.82,497百萬,,正常狀態
百達-生物科技R-美元,PIC03-PIT06,美元,,2000/06/28,RR4,,2026/09/23,1259.8,2.84,15.2,42.22,92.19,,21.32,0.5,1.02,1259.8,"2,330百萬",,正常狀態
聯博 - 亞洲股票基金AD股(月配息)-澳幣避險(基金之配息來源可能為本金)*,ALB09-AB034,澳幣,,2010/06/30,RR5,,2026/09/25,19.34,-5.9,18.55,41.34,97.25,,26.89,0.4,1.47,19.34,497百萬,,正常狀態
聯博 - 亞洲股票基金AD股(月配權)-澳幣避險(基金之配息來源可能為本金)*,ALB09-AB042,澳幣,,2010/06/30,RR5,,2026/09/25,19.34,-5.9,18.55,41.34,97.25,,26.89,0.4,1.47,19.34,497百萬,,正常狀態
富蘭克林坦伯頓全球投資系列-東歐基金,FLZ55-FL008,歐元,,1997/11/10,RR5,,2026/09/25,25.23,11.1,29.85,41.11,117.31,,16.07,0.63,0.93,25.23,164百萬,,正常狀態
霸菱東歐基金A類,PLZA7-BR001,歐元,,2023/07/21,RR5,,2026/09/24,67.88,10.16,27.14,40.82,121.4,,16.94,0.59,0.9,67.88,455百萬,,已下架但可原定期(不)定額
安聯全球礦金資源基金-AT累積類股(美元),TLZN1-DS131,美元,,2022/09/01,RR4,,2026/09/25,21.7358,12.33,10.62,40.76,96.63,,41.99,0.28,2.55,21.7358,"1,464百萬",,正常狀態
瀚亞投資-亞洲股票收益基金Azdmc1南非幣避險(穩定月配息)(本基金配息來源可能為本金)*,IOF76-PCA32,南非幣,,2014/02/14,RR4,,2026/09/25,11.521,0.26,19.53,40.56,109.04,,19.64,0.52,1.11,11.521,677百萬,,正常狀態
聯博 - 新興市場價值基金A股,ALZZ5-AB032,美元,,2010/02/26,RR5,,2026/09/25,93.31,-3.72,19,39.79,90,,25.09,0.41,1.42,93.31,415百萬,,正常狀態
富達基金 - 新興市場基金 - A,FTZ02-FD042,美元,,1993/10/18,RR5,,2026/09/25,51.28,-3.68,22.16,39.77,99.3,,25.23,0.41,1.54,51.28,"3,737百萬",,正常狀態
法巴亞洲(日本除外)股票基金 C (美元)(本基金非屬環境、社會、治理相關主題基金),FLFC0-PV036,美元,,2013/05/17,RR5,,2026/09/23,266.7,-6.79,28.53,39.71,101.48,,25.52,0.4,1.09,266.7,322百萬,,正常狀態
貝萊德世界礦業基金A2股,SHZ19-ML022,美元,,1997/03/24,RR4,,2026/09/25,111.64,10.89,9.13,39.55,89.28,,37.81,0.3,0.09,111.64,"6,809百萬",,正常狀態
貝萊德世界科技基金 A10(總報酬穩定月配息)-美元(基金之配息來源可能為本金)*,SHZV9-ML071,美元,,2022/10/26,RR4,,2026/09/25,21.92,1.39,40.36,38.92,153.12,,27.46,0.37,1.08,21.92,"20,818百萬",,正常狀態
貝萊德世界科技基金 A10(總報酬穩定月配權)-美元(基金之配息來源可能為本金)*,SHZV9-ML074,美元,,2022/10/26,RR4,,2026/09/25,21.92,1.39,40.36,38.92,153.12,,27.46,0.37,1.08,21.92,"20,818百萬",,正常狀態
貝萊德世界科技基金A2股,SHZ71-ML028,美元,,1995/03/03,RR4,,2026/09/25,154.28,1.37,40.31,38.89,153.33,,27.44,0.37,1.08,154.28,"20,818百萬",,正常狀態
聯博 - 新興市場成長基金A股(基金之配息來源可能為本金),ALZ05-AB002,美元,,1992/10/30,RR5,,2026/09/25,76.78,-0.08,21.85,38.72,94.72,,22.68,0.44,1.41,76.78,700百萬,,正常狀態
安聯全球生物科技基金,TLZ45-DS007,歐元,,1998/01/09,RR4,,2026/09/23,267.01,12.63,22.44,38.59,45.16,,14.21,0.67,0.7,267.01,277百萬,,已下架但可原定期(不)定額
貝萊德世界能源A2股,SHZA6-ML040,美元,,2001/04/06,RR5,,2026/09/25,36.83,14.91,4.13,38.41,48.75,,22.51,0.44,0.93,36.83,"2,119百萬",,正常狀態
摩根JPM環球天然資源基金(美元)-A股(分派),JFH30-JF047,美元,,2006/09/12,RR4,,2026/09/24,24.22,15.11,6.37,38.16,79.27,,25.27,0.39,0.53,24.22,"1,305百萬",,正常狀態
法巴日本股票基金 C (日幣),PAZ11-PV006,日圓,,1990/03/27,RR4,,2026/09/18,15366,-2.1,17.46,38.06,92,,18.1,0.53,0.67,15366,"88,486百萬",,正常狀態
富蘭克林坦伯頓全球投資系列-東歐基金,FLZ86-FL009,美元,,2005/10/25,RR5,,2026/09/25,28.73,11.31,28.03,37.93,133.77,,20.04,0.48,1.16,28.73,164百萬,,正常狀態
聯博 - 新興市場成長基金A股-澳幣避險(基金之配息來源可能為本金),ALZW8-AB028,澳幣,,2010/07/30,RR5,,2026/09/25,30.64,-0.1,21.78,37.77,85.92,,22.49,0.43,1.4,30.64,700百萬,,正常狀態
安本-新興市場股票基金A股-美元,ANZ45-ABG07,美元,,2003/06/30,RR5,,2026/09/25,120.7571,-1.25,22.89,37.6,91.22,,20.51,0.47,1.24,120.7571,822百萬,,已下架但可原定期定額
高盛基金III - 高盛亞洲收益基金X股美元(月配息)(本基金之配息來源可能為本金且並無保證收益及配息)*,ANZD10-ING46,美元,,2013/11/05,RR5,,2026/09/23,240.93,-4.6,11.48,37.38,110.6,,19.38,0.49,0.65,240.93,186百萬,,正常狀態
安聯全球新興市場高股息基金AM股(穩定月配)(月配息)-南非幣避險(本基金之配息來源可能為本金且無保證收益及配息),TLZA7-DS063,南非幣,,2016/08/02,RR5,,2026/09/25,280.99,2.48,22.17,37.28,97.27,,17.71,0.53,0.99,280.99,453百萬,,正常狀態
貝萊德世界黃金基金A2股(歐元),SHZ53-ML002,歐元,,1994/12/30,RR5,,2026/09/25,94.38,22.94,9.71,37.22,215.02,,48.82,0.24,0.8,94.38,"9,104百萬",,正常狀態
高盛基金III - 高盛亞洲收益基金X股對沖級別澳幣(月配息)(本基金之配息來源可能為本金且並無保證收益及配息)*,ANZD11-ING47,澳幣,,2013/11/04,RR5,,2026/09/23,244.39,-7.09,9,37.09,108.06,,18.9,0.49,0.64,244.39,186百萬,,正常狀態
安聯亞洲總回報股票基金A股(基金之配息來源可能為本金),TLH03-DS031,美元,,2004/05/28,RR5,,2026/09/25,56.6176,-3.92,23.28,37.09,92.28,,23.31,0.41,1.29,56.6176,455百萬,,正常狀態
施羅德環球基金系列 - 新興歐洲 A1股-累積,PYZ61-SD014,歐元,,2003/07/14,RR5,,2026/09/24,34.3367,7.71,26.36,36.91,118.41,,17.49,0.53,0.96,34.3367,"1,737百萬",,正常狀態
施羅德環球基金系列 - 環球黃金A(累積) - 美元,PYZQ4-SD079,美元,,2016/06/29,RR5,,2026/09/24,446.9093,23.09,9.65,36.57,320.88,,56.77,0.22,0.92,446.9093,"1,718百萬",,正常狀態
法巴新興市場股票基金 C (美元),FLF67-ABN41,美元,,1997/10/27,RR5,,2026/09/23,1018.98,-7.12,26.2,36.57,102.54,,25.36,0.38,1.11,1018.98,414百萬,,正常狀態
法巴日本小型股票基金 C (日幣),PAZ23-PV007,日圓,,1996/10/04,RR4,,2026/09/18,34018,-3.56,11.25,35.85,103.81,,18.05,0.5,0.5,34018,"242,115百萬",,正常狀態
安聯東方入息基金(本基金之配息來源可能為本金且無保證收益及配息),TLZ55-DS016,美元,,2003/11/03,RR4,,2026/09/25,332.57,1.45,14.2,35.26,89.03,,19.99,0.45,0.99,332.57,"2,115百萬",,正常狀態
景順日本小型企業基金A(美元對沖)股-美元,CTZH8-IVC60,美元,,2014/07/23,RR4,,2026/09/25,38.5,-3.05,14.35,34.24,110.27,,23.08,0.39,0.62,38.5,"16,605百萬",,正常狀態
安聯全球新興市場高股息基金AM股(穩定月配)(月配息)-澳幣避險(本基金之配息來源可能為本金且無保證收益及配息),TLZA6-DS062,澳幣,,2016/08/02,RR5,,2026/09/25,19.3336,1.92,20.94,34.16,79.34,,17.62,0.49,0.99,19.3336,453百萬,,正常狀態
晉達環球黃金基金,GSF17-IV009,美元,,2004/12/23,RR5,,2026/09/23,188.18,15.42,16.93,34.08,251.15,,58.91,0.21,0.98,188.18,"1,000百萬",,正常狀態
貝萊德世界黃金基金A2股(美元),SHZ18-ML001,美元,,1994/12/30,RR5,,2026/09/25,107.61,23.34,7.96,33.89,238.72,,53.64,0.22,0.88,107.61,"9,104百萬",,正常狀態
霸菱全球新興市場基金,PLZ07-BR003,美元,,1992/02/24,RR5,,2026/09/24,71.12,-1.29,22.08,33.85,89.95,,21.91,0.4,1.18,71.12,806百萬,,正常狀態
貝萊德世界黃金基金A10(總報酬穩定配息)-美元(基金之配息來源可能為本金)*,SHZV6-ML076,美元,,2022/10/19,RR5,,2026/09/25,29.87,23.26,7.95,33.84,238.38,,53.63,0.22,0.88,29.87,"9,104百萬",,正常狀態
施羅德環球基金系列-新興市場A1股-累積,PYZ41-SD015,美元,,2002/01/11,RR5,,2026/09/24,26.7529,-1.47,21.34,33.78,97.98,,23.07,0.38,1.29,26.7529,"7,527百萬",,正常狀態
愛德蒙得洛希爾環球黃金基金(A股),HSI11-EDM09,美元,,2008/09/30,RR5,,2026/09/23,273.91,22.89,14.66,33.63,277.75,,59.93,0.21,1.01,273.91,40百萬,,已下架但可原定期(不)定額
施羅德環球基金系列 - 亞洲股息基金A股(月配息)-美元(基金之配息來源可能為本金且並無保證收益及配息)*,PYZO0-SD050,美元,,2013/09/18,RR5,,2026/09/24,96.0953,4.61,18.69,33.56,81.11,,15.74,0.54,0.86,96.0953,269百萬,,正常狀態
安聯全球高成長科技基金(基金之配息來源可能為本金),TLZ38-DS017,美元,,1997/09/05,RR4,,2026/09/25,98.9624,1.03,28.09,33.47,137.95,,18.22,0.47,0.69,98.9624,741百萬,,正常狀態
晉達環球天然資源基金,GSF26-IV014,美元,,2008/01/31,RR4,,2026/09/23,22.06,10.02,4.01,33.37,71.64,,22.24,0.39,0.53,22.06,"2,200百萬",,正常狀態
安聯智慧城市收益基金-AMf2固定月配類股(月配息)-美元(本基金有相當比重投資於非投資等級之高風險債券且配息來源可能為本金)*,TLZM7-DS112,美元,,2022/05/20,RR4,,2026/09/25,131.94,-0.07,17.43,33.25,90.39,,14.96,0.56,0.95,131.94,"1,344百萬",,正常狀態
安聯智慧城市收益基金-AMf2固定月配類股(月配權)-美元(本基金有相當比重投資於非投資等級之高風險債券且配息來源可能為本金)*,TLZM7-DS115,美元,,2022/05/20,RR4,,2026/09/25,131.94,-0.07,17.43,33.25,90.39,,14.96,0.56,0.95,131.94,"1,344百萬",,正常狀態
安聯智慧城市收益基金-AMg穩定月收總收益類股(月配息)-美元(本基金有相當比重投資於非投資等級之高風險債券且配息來源可能為本金)*,TLZM8-DS111,美元,,2021/05/03,RR4,,2026/09/25,11.126,-0.07,17.43,33.25,90.37,,14.96,0.56,0.95,11.126,"1,344百萬",,正常狀態
安聯智慧城市收益基金-AT累積類股-美元(本基金有相當比重投資於非投資等級之高風險債券),TLZM9-DS110,美元,,2019/06/24,RR4,,2026/09/25,26.3869,-0.07,17.42,33.21,90.26,,14.96,0.56,0.95,26.3869,"1,344百萬",,正常狀態
瀚亞投資-全球科技股票基金Admc3(穩定月配息)-美元(本基金配息來源可能為本金)*,IOFF0-PCA71,美元,,2024/10/31,RR4,,2026/09/25,14.544,3.05,32.84,33.12,N/A,,20.93,0.41,0.87,14.544,894百萬,,正常狀態
富蘭克林坦伯頓全球投資系列-天然資源基金,FLZB3-FL033,美元,,2007/07/12,RR4,,2026/09/25,12.8,7.29,2.15,32.78,56.67,,19.66,0.43,0.48,12.8,371百萬,,正常狀態
貝萊德新興市場基金A2股,SHZ16-ML031,美元,,1993/12/01,RR5,,2026/09/25,58.44,-3.2,19.05,32.55,65.6,,22.78,0.38,1.43,58.44,798百萬,,正常狀態
施羅德環球基金系列 - 亞洲股息基金A股(月配息)-澳幣對沖(基金之配息來源可能為本金且並無保證收益及配息)*,PYZO2-SD051,澳幣,,2014/11/19,RR5,,2026/09/24,92.8618,4.56,18.3,32.35,72.74,,15.68,0.52,0.86,92.8618,269百萬,,正常狀態
法巴科技創新股票基金 C (美元),FLF16-ABN34,美元,,1997/06/03,RR4,,2026/09/23,4393.13,5.6,35.04,31.37,119.91,,22.41,0.37,0.96,4393.13,"5,480百萬",,正常狀態
富蘭克林坦伯頓全球投資系列-科技基金,FLZ80-FL010,美元,,2000/04/03,RR4,,2026/09/25,79.59,3.34,37.48,31.23,131.23,,23.72,0.35,0.93,79.59,"14,574百萬",,正常狀態
瑞銀 (盧森堡) 全球收益股票基金(月配息)-美元(本基金之配息來源可能為本金及本基金非屬環境、社會及治理相關主題基金)*,SBZF7-UBS030,美元,,2020/09/14,RR4,,2026/09/22,123.06,4.21,23,31.04,68.42,,11.51,0.67,0.76,123.06,599百萬,,正常狀態
貝萊德亞洲巨龍基金A2美元,SHZK7-ML050,美元,,1997/01/02,RR5,,2026/09/25,76.36,0.94,21.9,30.98,79.29,,21.28,0.38,1.21,76.36,930百萬,,正常狀態
施羅德環球基金系列-新興亞洲A1股-累積,PYZ02-SD013,美元,,2004/01/09,RR5,,2026/09/24,76.0839,1.09,23.31,30.84,85.87,,22.11,0.37,1.24,76.0839,"6,190百萬",,正常狀態
新加坡大華黃金及綜合基金(美元),UOB22-UOB01,美元,,1995/07/28,RR5,,2026/09/23,3.5788,18.03,14.29,30.79,200.23,,53.28,0.21,0.89,3.5788,138百萬,,正常狀態
貝萊德日本特別時機基金A2美元避險,SHZO9-ML054,美元,,2013/05/15,RR4,,2026/09/25,41.43,0.15,12.43,30.74,110.95,,15.93,0.49,0.48,41.43,"66,110百萬",,正常狀態
景順日本小型企業基金A股-日圓,ISZ02-IVC61,日圓,,1991/01/02,RR4,,2026/09/23,3046,-4.78,18.15,30.28,92.18,,21.85,0.37,0.63,3046,"16,605百萬",,正常狀態
富達基金 - 新興歐非中東基金 - A(歐元),FTZG2-FD047,歐元,,2007/06/11,RR5,,2026/09/25,25.48,9.5,19.4,29.67,97.83,,18.02,0.43,1.09,25.48,357百萬,,正常狀態
安本-亞太永續股票基金A股-美元,ANZ07-ABG06,美元,,1988/04/26,RR5,,2026/09/25,136.5734,-1.79,20.57,29.22,70.7,,18.88,0.4,1.06,136.5734,"1,363百萬",,正常狀態
安聯全球新興市場高股息基金AMg股(穩定月配息)-美元(本基金之配息來源可能為本金且無保證收益及配息)*,TLZ83-DS058,美元,,2015/10/06,RR5,,2026/09/25,18.2221,1.72,17.86,28.72,89.77,,18.38,0.41,1.15,18.2221,453百萬,,正常狀態
施羅德環球基金系列 - 亞洲收益股票基金A1股-累積,PYZH1-SD035,美元,,2004/06/11,RR5,,2026/09/24,57.202,4.37,21.17,28.65,87.64,,17.26,0.43,0.96,57.202,"1,510百萬",,正常狀態
施羅德環球基金系列 - 亞洲收益股票 A1股(月配息)(基金之配息來源可能為本金)*,PYZH2-SD038,美元,,2004/06/11,RR5,,2026/09/24,26.3279,4.03,20.77,28.22,86.99,,17.29,0.42,0.97,26.3279,"1,510百萬",,正常狀態
富達基金 - 亞洲股票ESG基金 - A,FTZ11-FD041,美元,,1990/10/01,RR5,,2026/09/25,16.41,-1.85,20.13,28,69.43,,20.44,0.36,1.15,16.41,"3,133百萬",,正常狀態
摩根JPM亞洲小型企業基金,JFZ10-JF019,美元,,1991/12/02,RR5,,2026/09/24,466.03,0.15,12.74,27.96,71.18,,21.28,0.35,1.09,466.03,180百萬,,正常狀態
摩根JPM歐洲策略股息基金(美元對沖)A股(月配息)(本基金之配息來源可能為本金且並無保證收益及配息)*,JFZD9-JF091,美元,,2013/11/06,RR4,,2026/09/24,224.79,3.19,14.77,27.93,84.43,,11.89,0.59,0.66,224.79,"1,711百萬",,正常狀態
聯博-新興市場多元收益基金AD股(月配息)-南非幣避險(本基金有相當比重投資於非投資等級之高風險債券且配息來源可能為本金)*,ALBG8-AB097,南非幣,,2014/03/13,RR4,,2026/09/25,101.92,0.39,15.1,27.76,94.05,,17.17,0.42,1.07,101.92,"1,141百萬",,正常狀態
安本-新興市場小型公司基金A股-美元,ANH16-ABG03,美元,,2007/03/26,RR5,,2026/09/25,39.1254,5.27,22.05,27.28,71.62,,18.72,0.38,1.18,39.1254,145百萬,,正常狀態
百達-能源轉型-R(累積)-美元,PIC43-PIT05,美元,,2007/05/14,RR4,,2026/09/23,222.05,-13.36,14.83,27.15,76.83,,25.91,0.29,0.9,222.05,"5,834百萬",,正常狀態
摩根亞洲股票高息基金(本基金並無保證收益及配息),JFZ02-JF018,美元,,1981/06/15,RR5,,2026/09/24,74.08,3.67,18.53,26.87,81.75,,13.79,0.5,0.77,74.08,"3,660百萬",,正常狀態
富達基金-亞太入息基金(月配息)(本基金之配息來源可能為本金且並無保證收益及配息)*,FTZL4-FD048,美元,,2013/01/24,RR5,,2026/09/25,18.78,2.95,12.53,26.8,71.77,,16.69,0.42,0.85,18.78,601百萬,,正常狀態
聯博-新興市場多元收益基金AD股(月配息)-美元(本基金有相當比重投資於非投資等級之高風險債券且配息來源可能為本金)*,ALBA4-AB088,美元,,2013/03/21,RR4,,2026/09/25,14.85,-0.17,14.01,26.28,84.54,,17.14,0.4,1.06,14.85,"1,141百萬",,正常狀態
富蘭克林坦伯頓全球投資系列-拉丁美洲基金,FLZ28-FL023,美元,,1991/02/28,RR5,,2026/09/25,62.87,4.41,-0.43,25.6,46.91,,19.3,0.35,0.95,62.87,615百萬,,已下架但可原定期(不)定額
富達基金 - 新興亞洲基金 - A,FTZI2-FD046,美元,,2008/04/21,RR5,,2026/09/25,34.58,-1.59,16.63,25.47,78.12,,19.89,0.34,1.12,34.58,640百萬,,正常狀態
聯博-新興市場多元收益基金AD股(月配息)-澳幣避險(本基金有相當比重投資於非投資等級之高風險債券且配息來源可能為本金)*,ALBA1-AB096,澳幣,,2013/03/21,RR4,,2026/09/25,12.65,-0.16,14.1,25.46,77.68,,16.92,0.39,1.05,12.65,"1,141百萬",,正常狀態
富達基金 - 日本股票ESG基金 - A,FTZ08-FD021,日圓,,1990/10/01,RR4,,2026/09/25,474,0.77,14.71,25.43,55.21,,13.9,0.47,0.37,474,"49,667百萬",,正常狀態
安聯日本股票基金(基金之配息來源可能為本金),TLZ21-DS020,美元,,1984/09/28,RR4,,2026/09/25,38.7907,4.83,18.03,25.31,66.46,,14.14,0.46,0.4,38.7907,579百萬,,正常狀態
富達基金 - 太平洋基金 - A,FTZ10-FD025,美元,,1994/01/10,RR5,,2026/09/25,64.26,4.91,15.42,25.15,81.43,,22.39,0.31,1.14,64.26,"1,066百萬",,正常狀態
安聯AI收益成長-AMf2固定月配類股(月配息)-美元(本基金有相當比重投資於非投資等級之高風險債券且配息來源可能為本金)*,TLZR3-DS125,美元,,2025/03/28,RR3,,2026/09/25,133.13,-4.63,14.64,25.1,N/A,,14.97,0.43,0.9,133.13,616百萬,,正常狀態
安聯AI收益成長-AMf2固定月配類股(月配權)-美元(本基金有相當比重投資於非投資等級之高風險債券且配息來源可能為本金)*,TLZR3-DS126,美元,,2025/03/28,RR3,,2026/09/25,133.13,-4.63,14.64,25.1,N/A,,14.97,0.43,0.9,133.13,616百萬,,正常狀態
安聯歐洲高息股票基金-AMg穩定月收總收益類股(月配息)-美元避險(本基金之配息來源可能為本金且無保證收益及配息)*,TLZ89-DS116,美元,,2015/11/04,RR4,,2026/09/25,7.7292,4.75,15.26,24.94,61.23,,13.02,0.49,0.76,7.7292,"1,925百萬",,正常狀態
安聯歐洲高息股票基金-AMg穩定月收總收益類股(月配權)-美元避險(本基金之配息來源可能為本金且無保證收益及配息)*,TLZ89-DS117,美元,,2015/11/04,RR4,,2026/09/25,7.7292,4.75,15.26,24.94,61.23,,13.02,0.49,0.76,7.7292,"1,925百萬",,正常狀態
安聯歐洲高息股票基金AM股(穩定月配息)-美元避險(本基金之配息來源可能為本金且無保證收益及配息),TLZ76-DS052,美元,,2013/10/02,RR4,,2026/09/25,12.125,4.75,15.25,24.94,60.92,,13.02,0.49,0.76,12.125,"1,925百萬",,正常狀態
富達基金 - 南歐基金 - A,FTZ25-FD014,歐元,,1990/10/01,RR4,,2026/09/25,162.6,5.3,15.31,24.7,109.55,,11.33,0.55,0.57,162.6,328百萬,,正常狀態
摩根JPM泰國基金,JFZ06-JF004,美元,,1989/08/08,RR5,,2026/09/24,216.06,3.31,8.65,24.49,28.3,,21.95,0.3,1.06,216.06,183百萬,,正常狀態
施羅德環球基金系列 - 日本股票 A1股-累積,PYZ39-SD007,日圓,,2001/08/31,RR4,,2026/09/24,2170.1284,1.68,11.24,24.19,56.84,,13.79,0.45,0.39,2170.1284,"100,220百萬",,正常狀態
安聯AI人工智慧基金-AT類股(累積)-美元,TLH43-DS092,美元,,2017/03/31,RR4,,2026/09/25,40.4552,-6.49,16.33,23.42,88.46,,17.69,0.35,0.59,40.4552,"8,001百萬",,正常狀態
施羅德環球基金系列-日本小型公司A1股-累積,PYZ40-SD005,日圓,,2002/01/11,RR4,,2026/09/24,245.5588,2.88,9.78,22.63,51.68,,11.71,0.49,0.28,245.5588,"10,127百萬",,正常狀態
富達基金 - 全球科技基金 - A,FTZ62-FD027,歐元,,1999/09/01,RR4,,2026/09/25,96.15,7.44,22.23,22.61,82.76,,18.08,0.33,0.7,96.15,"36,182百萬",,正常狀態
瑞銀(盧森堡)健康轉型基金(本基金非屬環境、社會及治理相關主題基金),SBZ38-UBS007,美元,,1998/05/27,RR3,,2026/09/22,542.31,6.14,14.33,22.28,39.35,,16.95,0.35,1.02,542.31,289百萬,,正常狀態
施羅德亞洲高息股債基金A股(月配息)-美元(本基金有相當比重投資於非投資等級之高風險債券且基金之配息來源可能為本金且並無保證收益及配息)*,PYZL1-SD052,美元,,2011/06/27,RR3,,2026/09/24,9.9916,0.45,15.56,22.28,58.04,,13.19,0.43,0.73,9.9916,"20,850百萬",,正常狀態
景順日本小型企業基金,CTZB8-IVC04,美元,,2011/07/07,RR4,,2026/09/25,26.94,-1.35,13.15,22.12,75.5,,25.66,0.25,0.62,26.94,"16,605百萬",,正常狀態
施羅德環球基金系列-美國小型公司影響力A1股-累積,PYZ31-SD010,美元,,2001/08/31,RR4,,2026/09/24,262.5012,5.27,19.47,22.05,52.91,,15.26,0.38,0.76,262.5012,409百萬,,正常狀態
野村基金(愛爾蘭系列)日本策略價值T股-美元避險,NFI10-ING97,美元,,2017/10/25,RR4,,2026/09/18,337.0093,-3.57,7.33,21.97,93.43,,14.03,0.41,0.5,337.0093,"506,992百萬",,正常狀態
瑞銀(盧森堡)美國總收益股票基金(美元)(月配息)(本基金之配息來源可能為本金及本基金非屬環境、社會及治理相關主題基金)*,SBZB2-UBS026,美元,,2013/06/24,RR4,,2026/09/22,171.5,4.61,22.3,21.81,62.99,,14.43,0.39,1,171.5,"2,237百萬",,正常狀態
瑞銀(盧森堡)美國總收益股票基金(美元)(本基金非屬環境、社會及治理相關主題基金),SBZB1-UBS028,美元,,2013/02/15,RR4,,2026/09/22,430.31,4.61,22.29,21.8,62.92,,14.42,0.39,1,430.31,"2,237百萬",,正常狀態
高盛基金III - 高盛歐元高股息基金X股對沖級別美元(月配息)(本基金之配息來源可能為本金且並無保證收益及配息)*,ANZG0-ING92,美元,,2014/04/23,RR4,,2026/09/23,553.22,1.26,15.94,21.51,60.35,,13.94,0.4,0.74,553.22,"2,203百萬",,正常狀態
先機北美股票基金L類累積股(美元),SGF28-SKD07,美元,,2002/04/17,RR4,,2026/09/23,82.8133,7.1,20.14,21.44,90.27,,12.62,0.44,0.97,82.8133,331百萬,,正常狀態
富達基金 - 全球科技基金 - A(累積)-美元避險,FTZR0-FD057,美元,,2015/06/03,RR4,,2026/09/25,77.01,7.2,20.82,21.43,98.53,,20.03,0.29,0.75,77.01,"36,182百萬",,正常狀態
東方匯理基金新興歐非中東股票 A 歐元,PIZ28-PIN05,歐元,,2000/12/18,RR5,,2026/09/25,30.23,5.66,12.63,21.16,72.74,,18.67,0.31,1.04,30.23,95百萬,,正常狀態
富達基金-全球動能多元基金(A股C月配息)-美元(本基金之配息來源可能為本金)*,FTZA67-FD067,美元,,2025/05/28,RR3,,2026/09/25,11.99,1.19,13.2,21.04,N/A,,14.11,0.39,0.49,11.99,"1,411百萬",,正常狀態
美盛銳思美國小型公司基金-A股累積型,ROY02-LM002,美元,,2007/05/09,RR4,,2026/09/25,314.05,-7.78,8.19,20.96,36.16,,18.31,0.31,0.93,314.05,91百萬,,正常狀態
高盛基金III - 高盛歐元高股息基金X股對沖級別澳幣(月配息)(本基金之配息來源可能為本金且並無保證收益及配息)*,ANZD6-ING32,澳幣,,2013/11/05,RR4,,2026/09/23,494.29,1.33,15.93,20.83,55.41,,13.85,0.39,0.74,494.29,"2,203百萬",,正常狀態
新加坡大華全球保健基金(美元)(月配息)(基金之配息來源可能為本金),UOB43-UOB05,美元,,2015/09/01,RR3,,2026/09/23,0.8188,5.17,11.48,20.8,21.78,,16.18,0.34,1.01,0.8188,280百萬,,正常狀態
新加坡大華全球保健基金(美元),UOB24-UOB02,美元,,2000/08/21,RR3,,2026/09/23,5.4313,5.16,11.47,20.78,21.7,,16.17,0.34,1.01,5.4313,280百萬,,正常狀態
貝萊德美國價值型基金A2股,SHZ64-ML010,美元,,1997/01/08,RR4,,2026/09/25,175.18,1.96,14.69,20.51,58.48,,10.43,0.5,0.7,175.18,961百萬,,正常狀態
貝萊德日本特別時機基金A2股,SHZ11-ML003,美元,,1987/05/13,RR4,,2026/09/25,113.61,2.28,11.96,20.45,78.72,,18.41,0.3,0.5,113.61,"66,110百萬",,正常狀態
摩根JPM太平洋證券基金,JFZ04-JF008,美元,,1978/05/26,RR5,,2026/09/24,715.37,-3.94,16.09,20.43,72.14,,20.32,0.28,1.14,715.37,711百萬,,正常狀態
富達基金 - 義大利基金 - A,FTZ29-FD019,歐元,,1990/10/01,RR4,,2026/09/25,88.86,0.06,22.44,20.43,86.35,,16.79,0.32,1.14,88.86,468百萬,,正常狀態
聯博 - 國際醫療基金A股(基金之配息來源可能為本金),ALZ02-AB003,美元,,1995/07/05,RR3,,2026/09/25,630.68,7.07,12.48,20.24,20.9,,15.8,0.34,1.03,630.68,"3,597百萬",,正常狀態
摩根JPM日本(日圓)基金(美元對沖),JFZC7-JF096,美元,,2013/08/01,RR4,,2026/09/24,66.16,-0.84,8.28,19.94,104.7,,15.18,0.35,0.48,66.16,500百萬,,正常狀態
匯豐環球投資基金-巴西股票AD股(本基金配息來源可能為本金)*,HSZ19-HSB06,美元,,2004/12/22,RR5,,2026/09/23,15.464,8.69,1.86,19.94,35.27,,26.27,0.22,1.24,15.464,163百萬,,正常狀態
施羅德環球基金系列 - 環球收益股票 A1股(月配息)(基金之配息來源可能為本金)*,PYZF4-SD039,美元,,2005/07/29,RR3,,2026/09/24,159.2849,6.29,12.01,19.82,52.97,,15.87,0.33,0.93,159.2849,310百萬,,正常狀態
施羅德環球基金系列 - 歐洲股息基金A股(月配息)-美元對沖(基金之配息來源可能為本金且並無保證收益及配息)*,PYZN5-SD048,美元,,2014/04/16,RR4,,2026/09/24,68.3905,2.52,14.36,19.75,48.48,,12.3,0.41,0.7,68.3905,195百萬,,正常狀態
法巴永續歐洲股息股票基金/月配RH (美元)(本基金並無保證收益及配息，基金之配息來源可能為本金),FLFF5-PV037,美元,,2014/09/18,RR4,,2026/09/23,118.42,-2.39,14.35,19.57,52.18,,16.55,0.31,0.85,118.42,120百萬,,正常狀態
摩根JPM歐洲動力基金(美元對沖),JFZC5-JF095,美元,,2013/11/22,RR4,,2026/09/24,413.01,1.04,12.12,19.46,65.2,,11.97,0.42,0.65,413.01,"1,659百萬",,正常狀態
聯博 - 全球價值型基金A股(基金之配息來源可能為本金),ALZD3-AB013,美元,,2001/04/24,RR3,,2026/09/25,34.34,3.46,9.43,19.44,72.48,,12.64,0.4,0.8,34.34,903百萬,,正常狀態
安聯歐洲基金,TLZ02-DS010,歐元,,1959/01/19,RR4,,2026/09/23,174.95,4.04,22.42,19.37,37.09,,17.24,0.3,0.88,174.95,"1,778百萬",,已下架但可原定期(不)定額
施羅德環球基金系列 - 拉丁美洲 A1股-累積,PYZ51-SD019,美元,,2002/05/31,RR5,,2026/09/24,55.8993,4.52,3.24,19.19,35.25,,20.63,0.26,0.93,55.8993,527百萬,,正常狀態
高盛基金III - 高盛歐元高股息基金X股歐元(月配息)(本基金之配息來源可能為本金且並無保證收益及配息)*,ANZD7-ING31,歐元,,2013/11/05,RR4,,2026/09/23,449.02,0.86,14.88,19.09,51.41,,13.83,0.36,0.74,449.02,"2,203百萬",,正常狀態
貝萊德永續能源基金A2股,SHZA4-ML026,美元,,2001/04/06,RR4,,2026/09/25,22.68,-9.42,0.53,19.06,48.82,,19.7,0.27,0.9,22.68,"5,495百萬",,正常狀態
安本-亞洲小型公司基金A股-美元,ANH12-ABG01,美元,,2006/03/24,RR5,,2026/09/25,82.6841,5.61,20.06,19.04,75.51,,19.23,0.27,0.94,82.6841,452百萬,,正常狀態
瀚亞投資-全球價值股票基金Azdmc1南非幣避險(穩定月配息)(本基金配息來源可能為本金)*,IOF72-PCA31,南非幣,,2014/02/14,RR3,,2026/09/25,19.91,2.82,11.05,18.9,82.64,,11.7,0.42,0.84,19.91,690百萬,,正常狀態
野村基金(愛爾蘭系列)日本策略價值T股-日圓,NFI09-ING98,日圓,,2017/10/25,RR4,,2026/09/18,27239.9954,-4.1,5.9,18.64,72.62,,13.95,0.35,0.5,27239.9954,"506,992百萬",,正常狀態
貝萊德世界健康科學基金A2股,SHZB0-ML029,美元,,2001/04/06,RR3,,2026/09/25,79.02,6.02,11.52,18.58,26.49,,15.07,0.33,0.99,79.02,"12,955百萬",,正常狀態
富蘭克林坦伯頓全球投資系列-互利歐洲基金,FLZ64-FL001,歐元,,2001/12/31,RR4,,2026/09/25,44.03,4.02,10.74,18.49,52.99,,10.79,0.44,0.59,44.03,688百萬,,正常狀態
貝萊德日本靈活股票基金A2-日圓,SHZI0-ML073,日圓,,2005/02/28,RR4,,2026/09/25,3993,-2.63,4.07,18.49,62.19,,15.25,0.32,0.46,3993,"193,680百萬",,正常狀態
摩根JPM環球醫療科技基金(美元)A股,JFZD2-JF090,美元,,2009/10/02,RR3,,2026/09/24,556.53,4.09,12.14,18.46,23.13,,15.06,0.32,1,556.53,"3,318百萬",,正常狀態
施羅德環球基金系列 - 環球股息基金AX股(月配息)(基金之配息來源可能為本金且並無保證收益及配息)*,PYZM8-SD043,美元,,2014/04/02,RR3,,2026/09/24,4.8143,5.97,12.58,18.24,50.73,,14.96,0.32,0.93,4.8143,971百萬,,正常狀態
富達基金 - 歐盟50基金 (A股歐元),FTZ60-FD006,歐元,,1996/10/08,RR4,,2026/09/25,19.69,0.36,12.97,18.2,63.8,,13.44,0.35,0.79,19.69,849百萬,,正常狀態
貝萊德歐洲價值型基金A2股,SHZ69-ML004,歐元,,1997/01/08,RR4,,2026/09/25,137.42,0.43,10.85,18.2,57.97,,12.84,0.37,0.73,137.42,"1,635百萬",,正常狀態
PIMCO收益增長基金-M級類別(穩定月配息股份)-美元(基金之配息來源可能為本金)*,PIMA2-DS127,美元,,2024/10/04,RR3,,2026/09/25,11.68,2.08,10.21,17.84,N/A,,9.43,0.48,0.72,11.68,"17,600百萬",,正常狀態
PIMCO收益增長基金-M級類別(穩定月配權股份)-美元(基金之配息來源可能為本金)*,PIMA2-DS128,美元,,2024/10/04,RR3,,2026/09/25,11.68,2.08,10.21,17.84,N/A,,9.43,0.48,0.72,11.68,"17,600百萬",,正常狀態
PIMCO收益增長基金-M級類別(月配息強化股份)-美元(基金之配息來源可能為本金)*,PIMA1-DS129,美元,,2023/11/30,RR3,,2026/09/25,13.02,2.09,10.18,17.78,N/A,,9.38,0.48,0.72,13.02,"17,600百萬",,正常狀態
PIMCO收益增長基金-M級類別(月配權強化股份)-美元(基金之配息來源可能為本金)*,PIMA1-DS130,美元,,2023/11/30,RR3,,2026/09/25,13.02,2.09,10.18,17.78,N/A,,9.38,0.48,0.72,13.02,"17,600百萬",,正常狀態
施羅德環球基金系列 - 環球股息基金A股(月配息)-澳幣對沖(基金之配息來源可能為本金且並無保證收益及配息)*,PYZM7-SD044,澳幣,,2014/04/16,RR3,,2026/09/24,7.587,6.07,12.54,17.64,44.89,,15.01,0.31,0.93,7.587,971百萬,,正常狀態
法巴美國增長股票基金C-(美元),FLF29-ABN07,美元,,2013/05/21,RR4,,2026/09/23,266.72,4.21,23.75,17.47,87.37,,17.82,0.27,1.36,266.72,"1,666百萬",,正常狀態
富達基金 -全球主題機會基金 - A,FTZ01-FD018,美元,,1991/12/31,RR3,,2026/09/25,104.3,2.25,14.96,17.18,64.54,,15.99,0.29,1.28,104.3,"1,843百萬",,正常狀態
貝萊德全球股票收益基金A8股南非幣避險(穩定月配息)(基金之配息來源可能為本金)*,SHZS3-ML056,南非幣,,2014/02/19,RR3,,2026/09/25,165.48,5.28,15.14,17.07,62.08,,11.89,0.37,0.96,165.48,"1,106百萬",,正常狀態
PIMCO美國股票增益基金E級類別-美元,PIM12-DS094,美元,,2006/09/11,RR4,,2026/09/25,82.45,4.59,17.47,17.05,79.36,,12.25,0.36,1.03,82.45,"6,400百萬",,正常狀態
貝萊德美國中型企業價值基金A2股(歐元),SHZ52-ML016,歐元,,1987/05/13,RR4,,2026/09/25,400.44,-1.87,14.52,16.99,35.24,,11.55,0.38,0.4,400.44,369百萬,,正常狀態
瀚亞投資-全球價值股票基金Admc1(穩定月配息)(本基金配息來源可能為本金)*,IOF70-PCA28,美元,,2014/02/14,RR3,,2026/09/25,16.919,2.24,10.03,16.92,72.26,,11.6,0.38,0.84,16.919,690百萬,,正常狀態
富蘭克林坦伯頓全球投資系列-邊境市場基金,FLZE3-FL040,美元,,2008/10/14,RR5,,2026/09/25,33.61,4.64,11.33,16.62,70.52,,15.28,0.29,0.82,33.61,340百萬,,保險公司下架
摩根JPM日本(日圓)基金,JFZ17-JF005,日圓,,1969/08/06,RR4,,2026/09/24,94297,-1.33,6.97,16.56,82.63,,15.06,0.29,0.48,94297,500百萬,,正常狀態
摩根JPM大中華基金(本基金之配息來源可能為本金),JFH01-JF049,美元,,2001/05/18,RR5,,2026/09/23,77.29,-2.74,11.63,16.44,69.46,,15.88,0.28,1.05,77.29,"2,364百萬",,已下架但不可繼續定期(不)定額
聯博 - 歐洲股票基金A股(基金之配息來源可能為本金),ALZC6-AB015,歐元,,2001/05/29,RR4,,2026/09/25,27.71,-0.82,7.2,16.28,41.38,,12.86,0.33,0.77,27.71,237百萬,,正常狀態
法巴巴西股票基金 C (美元),PAZB4-PV027,美元,,2006/12/12,RR5,,2026/09/23,108.28,7.43,1.27,16.21,25.85,,24.71,0.19,1.17,108.28,97百萬,,正常狀態
法巴健康護理創新股票基金 C (美元),FLFD4-ABN33,美元,,2010/12/14,RR3,,2026/09/23,418.87,8.72,11.26,16.18,31.16,,17.65,0.25,0.5,418.87,"1,473百萬",,正常狀態
瀚亞投資-全球價值股票基金Aadmc1澳幣避險(穩定月配息)(本基金配息來源可能為本金)*,IOF71-PCA29,澳幣,,2014/02/14,RR3,,2026/09/25,15.4,2.27,9.91,16.17,65.09,,11.59,0.36,0.84,15.4,690百萬,,正常狀態
施羅德環球基金系列 - 環球收益成長A(月配息固定C) - 南非幣避險(本基金有相當比重投資於非投資等級之高風險債券且基金之配息來源可能為本金)*,PYZT6-SD081,南非幣,,2018/10/24,RR3,,2026/09/24,1983.2627,0.6,10.8,16.13,66.35,,11.87,0.35,0.84,1983.2627,"3,097百萬",,正常狀態
貝萊德全球智慧數據股票入息基金A6股美元(穩定月配息)(基金之配息來源可能為本金且並無保證收益及配息)*,SHZT9-ML059,美元,,2014/10/08,RR3,,2026/09/25,9.94,6.61,12.21,15.9,60.4,,9.56,0.42,0.67,9.94,"13,775百萬",,正常狀態
貝萊德全球智慧數據股票入息基金 A6 (穩定月配權)-美元(基金之配息來源可能為本金且並無保證收益及配息)*,SHZT9-ML072,美元,,2014/10/08,RR3,,2026/09/25,9.94,6.61,12.21,15.9,60.4,,9.56,0.42,0.67,9.94,"13,775百萬",,正常狀態
貝萊德全球智慧數據股票入息基金A2-美元(本基金並無保證收益及配息),SHZU0-ML070,美元,,2006/10/13,RR3,,2026/09/25,27.82,6.59,12.13,15.82,60.44,,9.59,0.42,0.67,27.82,"13,775百萬",,正常狀態
富蘭克林坦伯頓全球投資系列-互利歐洲基金,FLZ63-FL002,美元,,2000/04/03,RR4,,2026/09/25,50.17,4.24,9.16,15.79,64.6,,14.64,0.29,0.85,50.17,688百萬,,正常狀態
貝萊德全球智慧數據股票入息基金A8股澳幣避險(穩定月配息)(基金之配息來源可能為本金且並無保證收益及配息)*,SHZT7-ML060,澳幣,,2014/10/08,RR3,,2026/09/25,9.29,6.82,12.2,15.67,54.8,,9.6,0.42,0.67,9.29,"13,775百萬",,正常狀態
霸菱大東協基金A類,PLZ11-BR008,美元,,2008/08/01,RR5,,2026/09/24,308.78,5.44,14.43,15.63,45.27,,15.39,0.27,0.7,308.78,329百萬,,正常狀態
安聯智慧新能源基金 AT 累積類股-美元,TLZN4-DS120,美元,,2019/10/30,RR4,,2026/09/25,18.6073,-11.88,1.93,15.57,34.66,,20.37,0.22,1.36,18.6073,385百萬,,正常狀態
法巴歐洲小型股票基金 C (歐元),PAZB7-PV032,歐元,,2007/09/25,RR4,,2026/09/23,353.51,-0.55,12.96,15.48,55.73,,13.08,0.31,0.59,353.51,619百萬,,正常狀態
景順美國價值股票基金A股-美元,CTZB4-IVC59,美元,,2011/09/30,RR4,,2026/09/25,88.05,0.67,10.55,15.43,55.57,,9.82,0.4,0.62,88.05,251百萬,,正常狀態
安本-前緣市場債券基金A(累積) - 美元(本基金主要係投資於非投資等級之高風險債券)(本投資標的於2023/7/1後不提供新契約連結),ANZK38-ABG12,美元,,2017/12/22,RR4,,2026/09/25,17.2213,1.19,6.12,15.31,61.71,,5.3,0.72,0.13,17.2213,"1,771百萬",,正常狀態
晉達環球策略股票基金,GSF06-IV001,美元,,2000/06/30,RR3,,2026/09/23,263.86,3.43,16.21,15.29,73.59,,12.86,0.31,0.97,263.86,"1,900百萬",,正常狀態
安本-前緣市場債券基金A(月配息) - 美元(本基金主要係投資於非投資等級之高風險債券)(本投資標的於2023/7/1後不提供新契約連結),ANZK36-ABG13,美元,,2013/09/25,RR4,,2026/09/25,9.4374,1.19,6.12,15.29,61.71,,5.31,0.72,0.13,9.4374,"1,771百萬",,正常狀態
施羅德環球基金系列-環球永續增長A(累積)-美元,PYZY8-SD099,美元,,2010/11/23,RR3,,2026/09/24,490.5405,6.62,20.06,15.16,56.61,,16.82,0.25,1.26,490.5405,"4,057百萬",,正常狀態
東方匯理長鷹多元收益基金A2U-MD(月配息)-美元(本基金之配息來源可能來自本金)*,AMU52-PIN28,美元,,2016/06/30,RR3,,2026/09/25,113.07,1.8,4.42,15.11,46.01,,13.15,0.3,0.81,113.07,"2,281百萬",,正常狀態
富達永續發展全球存股優勢基金A股C(月配息)-美元避險(本基金之配息來源可能為本金且並無保證收益及配息)*,FTZA54-FD063,美元,,2024/06/26,RR3,,2026/09/25,11.11,0.39,11.23,15.03,N/A,,11.45,0.34,0.34,11.11,"3,133百萬",,正常狀態
富達永續發展全球存股優勢基金A股C(月配權)-美元避險(本基金之配息來源可能為本金且並無保證收益及配息)*,FTZA54-FD066,美元,,2024/06/26,RR3,,2026/09/25,11.11,0.39,11.23,15.03,N/A,,11.45,0.34,0.34,11.11,"3,133百萬",,正常狀態
高盛基金III - 高盛全球環境轉型基金X股美元(本基金非屬環境、社會及治理相關主題之境外基金),ANZ70-ING04,美元,,1997/12/01,RR5,,2026/09/23,1798.39,0.05,5.05,14.94,39.78,,12.47,0.31,0.02,1798.39,46百萬,,已下架但可原定期(不)定額
貝萊德全球股票收益基金 A6 美元(月配息)(基金之配息來源可能為本金)*,SHZN6-ML049,美元,,2012/02/01,RR3,,2026/09/25,20.5,4.64,13.89,14.94,52.67,,11.7,0.33,0.94,20.5,"1,106百萬",,正常狀態
東方匯理基金環球精選入息股票 A2 (穩定月配息)-美元(本基金並無保證收益及配息且配息來源可能為本金)*,PIZX1-PIN37,美元,,2024/02/22,RR3,,2026/09/25,57.75,3.44,13.16,14.88,N/A,,10.49,0.36,0.8,57.75,"3,400百萬",,正常狀態
貝萊德ESG社會責任多元資產基金A8(穩定月配息)-美元避險(基金之配息來源可能為本金)*,SHZU7-ML065,美元,,2019/12/18,RR3,,2026/09/25,12.92,1.5,9.49,14.73,40.24,,8.2,0.45,0.64,12.92,"2,962百萬",,正常狀態
摩根JPM歐洲小型企業基金(美元對沖)- A股(累計),JFZE6-JF098,美元,,2015/10/14,RR4,,2026/09/24,313.42,0.77,12.86,14.73,68.09,,14.55,0.27,0.79,313.42,763百萬,,正常狀態
富達基金 - 拉丁美洲基金 - A,FTZ07-FD023,美元,,1994/05/09,RR5,,2026/09/25,38.71,5.26,-3.15,14.68,43.29,,22.68,0.19,1.13,38.71,370百萬,,正常狀態
貝萊德ESG社會責任多元資產基金A2-美元避險,SHZM4-ML066,美元,,2010/04/16,RR3,,2026/09/25,66.74,1.44,9.46,14.65,40.15,,8.19,0.45,0.64,66.74,"2,962百萬",,正常狀態
貝萊德全球股票收益基金A8股澳幣避險(月配息)(基金之配息來源可能為本金)*,SHZP2-ML055,澳幣,,2013/07/17,RR3,,2026/09/25,15.36,4.71,13.91,14.64,47.21,,11.7,0.32,0.94,15.36,"1,106百萬",,正常狀態
瀚亞投資-全球價值股票基金Andmc1紐幣避險(穩定月配息)(本基金配息來源可能為本金)*,IOF73-PCA30,紐幣,,2014/02/14,RR3,,2026/09/25,15.984,1.84,8.94,14.5,63.92,,11.6,0.32,0.84,15.984,690百萬,,正常狀態
富蘭克林坦伯頓全球投資系列-全球產業龍頭基金美元A穩定月配息股(月配權)(本基金之配息來源可能為本金)*,FLZ60-FL043,美元,,2005/05/27,RR3,,2026/09/25,13.39,3.81,15.01,14.44,62.25,,13.75,0.28,1.04,13.39,68百萬,,正常狀態
施羅德環球基金系列 - 環球收益成長A(月配息固定2) - 美元(本基金有相當比重投資於非投資等級之高風險債券且基金之配息來源可能為本金)*,PYZW3-SD080,美元,,2018/11/14,RR3,,2026/09/24,138.7525,0.14,9.91,14.33,56.61,,11.73,0.32,0.83,138.7525,"3,097百萬",,正常狀態
施羅德環球基金系列 - 環球收益成長A(月配權固定2) - 美元(本基金有相當比重投資於非投資等級之高風險債券且基金之配息來源可能為本金)*,PYZW3-SD100,美元,,2018/11/14,RR3,,2026/09/24,138.7525,0.14,9.91,14.33,56.61,,11.73,0.32,0.83,138.7525,"3,097百萬",,正常狀態
富達基金－永續發展全球存股優勢基金 - A(本基金並無保證收益及配息),FTZ61-FD028,歐元,,1999/09/01,RR3,,2026/09/25,12.6,0.18,10.88,14.28,44.68,,10.95,0.34,0.8,12.6,"3,133百萬",,正常狀態
摩根JPM歐洲動力基金(美元),JFZC1-JF077,美元,,2013/10/23,RR4,,2026/09/24,297.64,0.83,9.09,14.21,67.99,,15.3,0.25,0.9,297.64,"1,659百萬",,正常狀態
法巴全球環境基金C-美元,PAZC1-PV044,美元,,2012/11/30,RR4,,2026/09/23,437.85,-2.94,17.52,14.18,52.82,,18.48,0.21,0.85,437.85,"1,323百萬",,正常狀態
貝萊德美國中型企業價值基金A2股(美元),SHZ12-ML015,美元,,1987/05/13,RR4,,2026/09/25,456.54,-1.56,12.68,14.15,45.41,,12.42,0.3,0.64,456.54,369百萬,,正常狀態
瑞銀(盧森堡)全球戰略配置精選基金,SBZ64-UBS010,美元,,2004/09/24,RR3,,2026/09/22,23.43,1.6,11.57,14.13,49.71,,11.63,0.31,0.84,23.43,628百萬,,已下架但可原定期(不)定額
霸菱全球農業基金A類,PLZ58-BR006,美元,,2010/03/05,RR4,,2026/09/24,4.17,7.17,3.04,14.12,5.3,,15.52,0.24,0.51,4.17,65百萬,,正常狀態
貝萊德歐洲靈活股票基金A2股,SHZH5-ML037,歐元,,1986/11/24,RR4,,2026/09/25,52.89,-1.31,12.8,14.04,42.29,,14.69,0.26,0.74,52.89,"4,927百萬",,正常狀態
富蘭克林坦伯頓全球投資系列新興國家固定收益基金A(月配息)-南非幣避險(本基金有相當比重投資於非投資等級之高風險債券且基金之配息來源可能為本金)(本投資標的於2023/7/1後不提供新契約連結)*,FLZJ2-FL056,南非幣,,2017/06/23,RR3,,2026/09/25,63.05,0.86,5.95,14.02,58.5,,8.24,0.43,1.47,63.05,"2,662百萬",,正常狀態
富達基金-全球入息基金A股H(月配息)-澳幣避險(本基金之配息來源可能為本金且並無保證收益及配息)*,FTZO1-FD053,澳幣,,2014/01/23,RR3,,2026/09/25,19,-1.49,6.22,13.97,51.69,,12.26,0.3,0.81,19,"21,961百萬",,正常狀態
摩根JPM歐洲策略成長基金(歐元)-A 股(分派),JFZ70-JF021,歐元,,2000/02/14,RR4,,2026/09/23,32.51,-1.93,9.39,13.95,46.68,,13.12,0.28,0.69,32.51,293百萬,,已下架但不可繼續定期(不)定額
安盛環球基金 - 最佳收益基金A DIS(月配息)-美元避險(基金之配息來源可能為本金),AXA27-AX004,美元,,2022/03/07,RR3,,2026/09/23,97.96,-3.22,11.3,13.93,38.4,,12.11,0.3,0.53,97.96,428百萬,,正常狀態
M＆G全球未來趨勢基金A級,MMG15-PCA04,美元,,2007/03/09,RR4,,2026/09/23,28.7769,7.46,12.39,13.89,54.07,,13.8,0.27,0.94,28.7769,"3,426百萬",,正常狀態
高盛基金III - 高盛環球高股息基金X股對沖級別澳幣(月配息)(本基金之配息來源可能為本金且並無保證收益及配息)*,ANZD9-ING30,澳幣,,2013/11/04,RR3,,2026/09/23,396.08,0.93,11.07,13.79,45.01,,11.1,0.32,0.77,396.08,907百萬,,正常狀態
富蘭克林坦伯頓全球投資系列-互利美國價值基金,FLZ62-FL012,歐元,,2001/12/31,RR4,,2026/09/25,114.5,2.37,10.71,13.57,30.11,,8.19,0.42,0.53,114.5,240百萬,,正常狀態
百達-Quest全球永續股票-R美元,PIC46-PIT01,美元,,2012/11/30,RR3,,2026/09/23,367.03,2.88,13.83,13.19,61.2,,10.25,0.33,0.76,367.03,"1,344百萬",,正常狀態
法巴美國小型股票基金 C (美元),FLF88-PV033,美元,,2013/05/17,RR4,,2026/09/23,471.44,-1.51,11.14,12.97,57.07,,14.61,0.24,0.74,471.44,"2,518百萬",,正常狀態
摩根JPM美國科技基金A股(累積)-美元,JFZG4-JF109,美元,,2005/03/31,RR4,,2026/09/24,155.81,-0.14,27.66,12.68,104.02,,26.34,0.15,1.53,155.81,"9,194百萬",,正常狀態
富蘭克林坦伯頓全球投資系列-成長(歐元)基金,FLZ58-FL006,歐元,,2000/08/09,RR3,,2026/09/25,26.65,2.78,11.51,12.64,37.51,,9.46,0.34,0.66,26.65,"8,178百萬",,正常狀態
高盛基金III - 高盛環球高股息基金X股美元(月配息)(本基金之配息來源可能為本金且並無保證收益及配息)*,ANZD8-ING29,美元,,2013/11/04,RR3,,2026/09/23,397.95,0.83,10.14,12.49,50.51,,12.29,0.27,0.87,397.95,907百萬,,正常狀態
富達基金 - 全球金融服務基金 - A,FTZ66-FD010,歐元,,2000/09/01,RR4,,2026/09/25,77.13,3.56,17.92,12.47,60.72,,11.11,0.29,0.68,77.13,"1,369百萬",,正常狀態
百達-Quest全球永續股票-R(月配息)-美元(基金之配息來源可能為本金)*,PIC49-PIT10,美元,,2016/09/20,RR3,,2026/09/23,269.71,2.17,13.05,12.42,60.23,,10.46,0.3,0.76,269.71,"1,344百萬",,正常狀態
富達基金-歐洲入息基金(F1穩定月配息)-美元避險(本基金之配息來源可能為本金且並無保證收益及配息)*,FTZO4-FD051,美元,,2014/01/10,RR4,,2026/09/25,18.55,1.77,9.34,12.28,49.73,,11.93,0.27,0.68,18.55,"1,293百萬",,正常狀態
摩根JPM亞太入息基金(月配息)(本基金之配息來源可能為本金且並無保證收益及配息)*,JFZA4-JF058,美元,,2012/05/25,RR3,,2026/09/24,122.12,0.79,7.75,12.15,46.03,,8.63,0.36,0.48,122.12,"1,566百萬",,正常狀態
摩根JPM亞太入息基金(月配權)(本基金之配息來源可能為本金且並無保證收益及配息)*,JFZA4-JF092,美元,,2012/05/25,RR3,,2026/09/24,122.12,0.79,7.75,12.15,46.03,,8.63,0.36,0.48,122.12,"1,566百萬",,正常狀態
貝萊德世界金融基金A2股,SHZA8-ML027,美元,,2000/03/03,RR4,,2026/09/25,78.46,-1,13.94,12.1,114.61,,18.54,0.18,1.29,78.46,"2,754百萬",,正常狀態
貝萊德世界金融基金A10(總報酬穩定配息)-美元(基金之配息來源可能為本金)*,SHZV5-ML077,美元,,2022/10/19,RR4,,2026/09/25,18.76,-1.02,13.93,12.07,114.53,,18.55,0.18,1.29,18.76,"2,754百萬",,正常狀態
貝萊德全球智慧數據股票入息基金Hedged A6(穩定配息)-日圓(基金之配息來源可能為本金且並無保證收益及配息)*,SHZX0-ML080,日圓,,2023/09/06,RR3,,2026/09/25,1089,5.82,10.32,11.98,40.53,,9.62,0.32,0.67,1089,"13,775百萬",,正常狀態
貝萊德全球智慧數據股票入息基金Hedged A6(穩定配權)-日圓(基金之配息來源可能為本金且並無保證收益及配息)*,SHZX0-ML081,日圓,,2023/09/06,RR3,,2026/09/25,1089,5.82,10.32,11.98,40.53,,9.62,0.32,0.67,1089,"13,775百萬",,正常狀態
聯博-全球核心股票基金A級別-美元(基金之配息來源可能為本金),ALH36-AB093,美元,,2014/07/17,RR3,,2026/09/25,36.11,7.6,15.89,11.97,48.05,,15.91,0.2,1.2,36.11,227百萬,,正常狀態
富蘭克林坦伯頓全球投資系列-新興國家固定收益基金(Dis股)-月配息(本基金有相當比重投資於非投資等級之高風險債券且基金之配息來源可能為本金)(本投資標的於2023/7/1後不提供新契約連結)*,FLZB8-FL032,美元,,2009/08/14,RR3,,2026/09/25,4.36,0.26,4.75,11.79,47.93,,8.18,0.36,1.48,4.36,"2,662百萬",,正常狀態
富蘭克林坦伯頓全球投資系列-新興國家固定收益基金(Dis股)-月配權(本基金有相當比重投資於非投資等級之高風險債券且基金之配息來源可能為本金)(本投資標的於2023/7/1後不提供新契約連結)*,FLZB8-FL042,美元,,2009/08/14,RR3,,2026/09/25,4.36,0.26,4.75,11.79,47.93,,8.18,0.36,1.48,4.36,"2,662百萬",,正常狀態
摩根JPM新興市場小型企業基金,JFZ95-JF045,美元,,2007/11/15,RR5,,2026/09/24,24.14,0.75,10.13,11.76,39.54,,16.7,0.19,0.94,24.14,452百萬,,正常狀態
富蘭克林坦伯頓全球投資系列-新興國家固定收益基金(Qdis股)-季配權(本基金有相當比重投資於非投資等級之高風險債券且基金之配息來源可能為本金)(本投資標的於2023/7/1後不提供新契約連結)*,FLZ30-FL031,美元,,1991/07/05,RR3,,2026/09/25,7.54,0.33,4.82,11.74,48.09,,8.1,0.36,1.46,7.54,"2,662百萬",,正常狀態
摩根JPM亞太入息基金(澳幣對沖)-(月配息)(本基金之配息來源可能為本金且並無保證收益及配息)*,JFZB8-JF083,澳幣,,2013/10/07,RR3,,2026/09/24,9.73,0.91,7.67,11.55,41.59,,8.55,0.34,0.47,9.73,"1,566百萬",,正常狀態
摩根JPM亞太入息基金(澳幣對沖)-(月配權)(本基金之配息來源可能為本金且並無保證收益及配息)*,JFZB8-JF093,澳幣,,2013/10/07,RR3,,2026/09/24,9.73,0.91,7.67,11.55,41.59,,8.55,0.34,0.47,9.73,"1,566百萬",,正常狀態
富蘭克林坦伯頓全球投資系列新興國家固定收益基金A(月配息)-澳幣避險(本基金有相當比重投資於非投資等級之高風險債券且基金之配息來源可能為本金)(本投資標的於2023/7/1後不提供新契約連結)*,FLZF2-FL055,澳幣,,2013/02/26,RR3,,2026/09/25,3.45,0.3,5.07,11.5,44.31,,8.39,0.35,1.5,3.45,"2,662百萬",,正常狀態
瑞銀(盧森堡)美國價值股票基金,SBZ62-UBS006,美元,,1996/11/12,RR4,,2026/09/22,763.15,0.63,13.94,11.38,49.04,,14.97,0.2,1.05,763.15,169百萬,,正常狀態
施羅德環球基金系列 - 歐洲小型公司A股(美元對沖),PYZM9-SD049,美元,,2014/05/07,RR4,,2026/09/24,76.5755,3.85,17.89,11.24,31.69,,16.39,0.19,0.76,76.5755,46百萬,,正常狀態
富達基金-全球入息基金A股C(月配息)-美元(本基金之配息來源可能為本金且並無保證收益及配息)*,FTZS7-FD054,美元,,2016/11/22,RR3,,2026/09/25,15.21,-1.59,4.53,10.9,55.59,,14.85,0.2,1.03,15.21,"21,961百萬",,正常狀態
富達基金-全球入息基金A股(累積)-美元(本基金並無保證收益及配息),FTZM7-FD056,美元,,2012/05/04,RR3,,2026/09/25,34.53,-1.6,4.54,10.89,55.61,,14.81,0.2,1.02,34.53,"21,961百萬",,正常狀態
富達基金-全球入息基金(美元)(月配息)(本基金之配息來源可能為本金且並無保證收益及配息)*,FTZM6-FD049,美元,,2012/01/30,RR3,,2026/09/25,23.81,-1.61,4.52,10.86,55.64,,14.83,0.2,1.02,23.81,"21,961百萬",,正常狀態
安聯收益成長基金AM股(穩定月配息)-南非幣避險(本基金有相當比重投資於非投資等級之高風險債券且配息來源可能為本金),TLZ78-DS054,南非幣,,2015/03/18,RR3,,2026/09/25,106.9,-0.67,7.54,10.68,49.88,,6.92,0.38,0.53,106.9,"57,025百萬",,正常狀態
安聯收益成長基金AM股 穩定月配(月配權)-南非幣避險(本基金有相當比重投資於非投資等級之高風險債券且配息來源可能為本金),TLZ78-DS057,南非幣,,2015/03/18,RR3,,2026/09/25,106.9,-0.67,7.54,10.68,49.88,,6.92,0.38,0.53,106.9,"57,025百萬",,正常狀態
貝萊德環球資產配置基金A10(總報酬穩定配息)-美元(基金之配息來源可能為本金)*,SHZW8-ML075,美元,,2023/07/19,RR3,,2026/09/25,11.35,0.64,8.41,10.59,47.37,,9.71,0.28,0.78,11.35,"18,782百萬",,正常狀態
貝萊德環球資產配置基金A2股,SHZB2-ML023,美元,,1997/01/03,RR3,,2026/09/25,98.72,0.61,8.38,10.59,47.41,,9.73,0.28,0.78,98.72,"18,782百萬",,正常狀態
景順環球股票收益基金-A(穩定月配息)-美元(基金之配息來源可能為本金)*,CTZJ3-IVC63,美元,,2014/12/10,RR3,,2026/09/25,14.14,0.003,10.94,10.57,64.56,,17.04,0.17,1.14,14.14,"1,128百萬",,正常狀態
高盛基金III - 高盛大中華股票基金X股美元,ANZ57-ING02,美元,,1999/10/04,RR5,,2026/09/23,1766.44,-7.62,6.74,10.54,86.11,,24.61,0.14,1.52,1766.44,269百萬,,正常狀態
富達基金 - 永續發展全球健康護理基金  - A,FTZ67-FD013,歐元,,2000/09/01,RR3,,2026/09/25,62.71,2.45,8.01,10.5,-1.24,,14.57,0.19,0.84,62.71,"1,244百萬",,正常狀態
施羅德環球基金系列 - 環球可轉換債券A1股-累積(本基金主要係投資於非投資等級之高風險債券且基金之配息來源可能為本金),PYZJ0-SD053,美元,,2008/03/14,RR3,,2026/09/24,202.9365,-1.42,8.62,10.49,38.02,,10.48,0.26,1.13,202.9365,"1,340百萬",,正常狀態
貝萊德環球資產配置基金A2股-澳幣避險,SHZM3-ML064,澳幣,,2010/01/22,RR3,,2026/09/25,26.65,0.72,8.42,10.35,42.59,,9.66,0.27,0.78,26.65,"18,782百萬",,正常狀態
M＆G入息基金A-美元避險(本基金配息來源可能為本金且並無保證收益及配息),MMG22-PCA62,美元,,2018/01/16,RR3,,2026/09/23,14.475,1.58,7.41,10.3,26.43,,7.48,0.34,0.47,14.475,626百萬,,正常狀態
施羅德環球基金系列-環球氣候變化策略基金A1股-累積,PYZG7-SD027,美元,,2007/06/29,RR4,,2026/09/24,28.0321,-3.22,6.65,10.14,42.81,,18.07,0.16,0.76,28.0321,"2,115百萬",,正常狀態
富蘭克林坦伯頓全球投資系列-成長(歐元)基金,FLZ90-FL007,美元,,2007/11/15,RR3,,2026/09/25,30.4,2.98,9.91,10.07,47.93,,12.69,0.21,0.97,30.4,"8,178百萬",,正常狀態
M＆G入息基金A(月配息)-美元避險(本基金配息來源可能為本金且並無保證收益及配息)*,MMG23-PCA63,美元,,2018/01/16,RR3,,2026/09/23,10.2464,1.07,6.88,9.78,25.62,,7.51,0.32,0.48,10.2464,626百萬,,正常狀態
聯博 - 全球多元收益基金AD股(月配息)-南非幣避險(基金之配息來源可能為本金)*,ALBG7-AB070,南非幣,,2015/03/16,RR3,,2026/09/25,57.53,0.69,6.97,9.44,50.33,,6.94,0.34,0.53,57.53,"3,921百萬",,正常狀態
M＆G入息基金A(月配息)F-美元避險(本基金配息來源可能為本金且並無保證收益及配息)*,MMG55-PCA64,美元,,2020/11/19,RR3,,2026/09/23,77.5499,0.75,6.52,9.42,25.33,,7.53,0.31,0.48,77.5499,626百萬,,正常狀態
貝萊德拉丁美洲基金A2股,SHZ17-ML030,美元,,1997/01/09,RR5,,2026/09/25,81.42,3.23,-4.48,9.16,19.54,,19.22,0.14,0.93,81.42,624百萬,,正常狀態
美盛凱利基礎建設價值基金A類股美元累積型(避險)(本基金之配息來源可能為本金),WEA84-LM007,美元,,2017/03/16,RR3,,2026/09/25,20.15,-8.07,-3.63,9.15,33.89,,14.69,0.17,0.29,20.15,"1,606百萬",,正常狀態
美盛凱利基礎建設價值基金A類股美元增益配息型(M)(月配息)(避險)(本基金之配息來源可能為本金),WEA85-LM008,美元,,2017/06/19,RR3,,2026/09/25,11.65,-8.04,-3.65,9.15,33.56,,14.71,0.17,0.28,11.65,"1,606百萬",,正常狀態
摩根JPM東協基金(美元)(累計),JFZ01-JF007,美元,,1983/07/07,RR5,,2026/09/24,192.15,4.96,8,9.13,39.53,,11.9,0.2,0.41,192.15,"1,174百萬",,正常狀態
晉達歐洲股票基金,GSF02-IV004,美元,,2000/06/30,RR4,,2026/09/23,136.91,-4.12,8.11,9.01,64.97,,19.48,0.14,1.05,136.91,891百萬,,正常狀態
摩根JPM多重收益基金(美元對沖)-A股(利率入息)(月配息)(本基金有相當比重投資於非投資等級之高風險債券且配息來源可能為本金)*,JFZK2-JF105,美元,,2018/03/26,RR3,,2026/09/24,8.43,-0.17,6.42,9.01,35.49,,6.58,0.33,0.48,8.43,"21,529百萬",,正常狀態
摩根JPM多重收益基金(美元)-(月配息)(本基金有相當比重投資於非投資等級之高風險債券且配息來源可能為本金)*,JFZA5-JF057,美元,,2012/08/31,RR3,,2026/09/24,128.78,-0.17,6.38,8.99,35.46,,6.49,0.34,0.47,128.78,"21,529百萬",,正常狀態
摩根JPM多重收益基金(美元)-(月配權)(本基金有相當比重投資於非投資等級之高風險債券且配息來源可能為本金)*,JFZA5-JF064,美元,,2012/08/31,RR3,,2026/09/24,128.78,-0.17,6.38,8.99,35.46,,6.49,0.34,0.47,128.78,"21,529百萬",,正常狀態
摩根JPM多重收益基金(美元對沖)-A股(穩定月配息)(本基金有相當比重投資於非投資等級之高風險債券且配息來源可能為本金)*,JFZN3-JF115,美元,,2021/07/02,RR3,,2026/09/24,73.13,-0.17,6.37,8.98,35.39,,6.49,0.34,0.47,73.13,"21,529百萬",,正常狀態
摩根JPM多重收益基金(美元對沖)-A股(穩定月配權)(本基金有相當比重投資於非投資等級之高風險債券且配息來源可能為本金)*,JFZN3-JF117,美元,,2021/07/02,RR3,,2026/09/24,73.13,-0.17,6.37,8.98,35.39,,6.49,0.34,0.47,73.13,"21,529百萬",,正常狀態
摩根JPM多重收益基金(美元對沖) - A股(本基金有相當比重投資於非投資等級之高風險債券)*,JFZA6-JF116,美元,,2012/05/30,RR3,,2026/09/24,274.68,-0.16,6.37,8.97,35.44,,6.48,0.34,0.47,274.68,"21,529百萬",,正常狀態
摩根JPM多重收益基金(澳幣)-(月配息)(本基金有相當比重投資於非投資等級之高風險債券且配息來源可能為本金)*,JFZB0-JF062,澳幣,,2013/03/28,RR3,,2026/09/24,9.15,-0.06,6.44,8.83,32.09,,6.36,0.34,0.46,9.15,"21,529百萬",,正常狀態
摩根JPM多重收益基金(澳幣)-(月配權)(本基金有相當比重投資於非投資等級之高風險債券且配息來源可能為本金)*,JFZB0-JF065,澳幣,,2013/03/28,RR3,,2026/09/24,9.15,-0.06,6.44,8.83,32.09,,6.36,0.34,0.46,9.15,"21,529百萬",,正常狀態
富蘭克林坦伯頓全球投資系列-穩定月收益基金(Dis股)-月配息(本基金有相當比重投資於非投資等級之高風險債券且基金之配息來源可能為本金)*,FLZ92-FL034,美元,,1999/07/01,RR3,,2026/09/25,9.74,0.5,3.07,8.81,31.14,,5.82,0.37,0.4,9.74,"13,456百萬",,正常狀態
富蘭克林坦伯頓全球投資系列-穩定月收益基金(Dis股)-月配權(本基金有相當比重投資於非投資等級之高風險債券且基金之配息來源可能為本金)*,FLZ92-FL058,美元,,1999/07/01,RR3,,2026/09/25,9.74,0.5,3.07,8.81,31.14,,5.82,0.37,0.4,9.74,"13,456百萬",,正常狀態
摩根JPM東協基金(澳幣對沖)(累計),JFZB7-JF076,澳幣,,2012/12/28,RR5,,2026/09/24,15.17,5.13,7.97,8.59,33.07,,11.99,0.19,0.41,15.17,"1,174百萬",,正常狀態
富達基金 - 歐洲基金 - A,FTZ22-FD008,歐元,,1990/10/01,RR4,,2026/09/25,22.11,0.16,6.64,8.55,36.24,,11.27,0.19,0.66,22.11,"8,724百萬",,正常狀態
聯博 - 美國成長基金AD(月配息)-南非幣避險(基金之配息來源可能為本金)*,ALBD7-AB111,南非幣,,2014/02/27,RR4,,2026/09/25,376.82,6.16,16.25,8.53,76.46,,15.03,0.15,1.21,376.82,"9,165百萬",,正常狀態
施羅德環球基金系列 - 歐洲小型公司 A1股-累積,PYZ35-SD006,歐元,,2001/08/31,RR4,,2026/09/24,42.0987,3.31,16.42,8.48,22.66,,16.3,0.14,0.76,42.0987,46百萬,,正常狀態
富達基金 - 德國基金 - A,FTZ27-FD012,歐元,,1990/10/01,RR4,,2026/09/25,94.04,0.72,12.83,8.45,62.54,,15.14,0.15,0.66,94.04,"1,292百萬",,正常狀態
富達基金 - 美國基金 - A,FTZ05-FD001,美元,,1990/10/01,RR4,,2026/09/25,18.37,-0.97,2.97,8.38,29.55,,10.81,0.2,0.66,18.37,"2,702百萬",,正常狀態
安聯主題趨勢基金-AT類股(累積)-美元,TLZF7-DS090,美元,,2019/01/25,RR4,,2026/09/25,198.77,0.97,9.06,8.36,34.28,,14.08,0.16,1.02,198.77,"2,537百萬",,正常狀態
安聯收益成長基金AMg7月收總收益類股(月配息)-美元(本基金有相當比重投資於非投資等級之高風險債券且配息來源可能為本金),TLZF9-DS084,美元,,2020/02/03,RR3,,2026/09/25,8.5855,-1.39,6.3,8.25,39.04,,7.02,0.29,0.53,8.5855,"57,025百萬",,正常狀態
安聯收益成長基金-AMg7月收總收益類股(月配權)-美元(本基金有相當比重投資於非投資等級之高風險債券且配息來源可能為本金)*,TLZF9-DS113,美元,,2020/02/03,RR3,,2026/09/25,8.5855,-1.39,6.3,8.25,39.04,,7.02,0.29,0.53,8.5855,"57,025百萬",,正常狀態
安聯收益成長基金AM股(穩定月配息)(本基金有相當比重投資於非投資等級之高風險債券且配息來源可能為本金),TLZ64-DS044,美元,,2012/10/16,RR3,,2026/09/25,8.4439,-1.39,6.3,8.25,39.03,,7.02,0.29,0.53,8.4439,"57,025百萬",,正常狀態
安聯收益成長基金AM股 穩定月配(月配權)(本基金有相當比重投資於非投資等級之高風險債券且配息來源可能為本金),TLZ64-DS055,美元,,2012/10/16,RR3,,2026/09/25,8.4439,-1.39,6.3,8.25,39.03,,7.02,0.29,0.53,8.4439,"57,025百萬",,正常狀態
M＆G入息基金A-歐元(本基金配息來源可能為本金且並無保證收益及配息),MMG20-PCA65,歐元,,2018/01/16,RR3,,2026/09/23,12.1625,1.21,6.53,8.25,19.6,,7.49,0.27,0.47,12.1625,626百萬,,正常狀態
安聯收益成長基金-AT類股(累積)-美元(本基金有相當比重投資於非投資等級之高風險債券),TLZ63-DS093,美元,,2011/11/18,RR3,,2026/09/25,30.6905,-1.39,6.29,8.23,38.97,,7.02,0.29,0.53,30.6905,"57,025百萬",,正常狀態
施羅德環球基金系列－環球能源轉型股票A(累積)-美元,PYZA43-SD098,美元,,2019/07/10,RR4,,2026/09/24,169.945,-11.27,-0.24,8.09,3.86,,24.24,0.11,0.64,169.945,872百萬,,正常狀態
安聯收益成長基金AMg7月收總收益類股(月配息)-澳幣避險(本基金有相當比重投資於非投資等級之高風險債券且配息來源可能為本金),TLZG0-DS085,澳幣,,2020/02/03,RR3,,2026/09/25,8.1113,-1.26,6.48,8.09,35.62,,6.97,0.28,0.53,8.1113,"57,025百萬",,正常狀態
安聯收益成長基金AM股(穩定月配息)-澳幣避險(本基金有相當比重投資於非投資等級之高風險債券且配息來源可能為本金),TLZ72-DS045,澳幣,,2012/10/15,RR3,,2026/09/25,7.8161,-1.24,6.48,8.06,35.61,,6.98,0.28,0.53,7.8161,"57,025百萬",,正常狀態
安聯收益成長基金AM股 穩定月配(月配權)-澳幣避險(本基金有相當比重投資於非投資等級之高風險債券且配息來源可能為本金),TLZ72-DS056,澳幣,,2012/10/15,RR3,,2026/09/25,7.8161,-1.24,6.48,8.06,35.61,,6.98,0.28,0.53,7.8161,"57,025百萬",,正常狀態
匯豐環球投資基金-東協股票AD股(本基金配息來源可能為本金)*,HSZ14-HSB08,美元,,2005/02/11,RR5,,2026/09/23,20.688,5.92,8.47,7.99,44.53,,11.19,0.18,0.31,20.688,36百萬,,正常狀態
瀚亞投資- 全球新興市場債券基金 Azdm南非幣避險(月配息)(本基金有相當比重投資於非投資等級之高風險債券且配息來源可能為本金)(本投資標的於2023/7/1後不提供新契約連結)*,IOF62-PCA23,南非幣,,2013/11/15,RR3,,2026/09/25,9.758,-1.94,3.17,7.91,46.02,,6.23,0.31,1.3,9.758,539百萬,,正常狀態
瑞銀(盧森堡)美國增長股票基金-累積-美元,SBZ66-UBS029,美元,,2004/10/08,RR4,,2026/09/22,113.85,1.58,21.79,7.85,85.06,,17.95,0.13,1.27,113.85,"3,707百萬",,正常狀態
M＆G入息基金A(月配息)-歐元(本基金配息來源可能為本金且並無保證收益及配息)*,MMG21-PCA66,歐元,,2018/01/16,RR3,,2026/09/23,8.805,0.8,6.1,7.81,19.11,,7.51,0.25,0.47,8.805,626百萬,,正常狀態
富達基金 - 東協基金 - A,FTZ13-FD003,美元,,1990/10/01,RR5,,2026/09/25,40.26,8.3,7.45,7.81,34.24,,13.4,0.15,0.28,40.26,759百萬,,正常狀態
富達永續發展全球存股優勢基金A股C(月配息)-日圓避險(本基金之配息來源可能為本金且並無保證收益及配息)*,FTZA56-FD062,日圓,,2024/07/10,RR3,,2026/09/25,1014,-0.46,7.43,7.75,N/A,,14.59,0.14,0.38,1014,"3,133百萬",,正常狀態
施羅德環球基金系列 - 環球股債收息基金A股(累積)-美元(本基金有相當比重投資於非投資等級之高風險債券且基金之配息來源可能為本金且並無保證收益及配息)*,PYZL7-SD055,美元,,2012/04/18,RR3,,2026/09/24,173.2241,1.77,6.76,7.62,34.98,,8.31,0.22,0.58,173.2241,879百萬,,正常狀態
柏瑞環球動態資產配置基金ADCT(穩定月配息)-美元(基金之配息來源可能為本金)*,AIZ88-AIG29,美元,,2018/09/04,RR3,,2026/09/23,8.6744,1.19,10.07,7.62,33.25,,11.65,0.17,0.89,8.6744,288百萬,,正常狀態
柏瑞環球動態資產配置基金ADC(月配息)(基金之配息來源可能為本金),AIZ85-AIG21,美元,,2016/03/22,RR3,,2026/09/23,8.4826,1.19,10.07,7.62,33.25,,11.65,0.17,0.89,8.4826,288百萬,,正常狀態
聯博 - 全球多元收益基金A2股(基金之配息來源可能為本金),ALZ99-AB012,美元,,2004/11/02,RR3,,2026/09/25,31.52,0.1,5.77,7.5,41.79,,6.77,0.27,0.51,31.52,"3,921百萬",,已下架但可原定期(不)定額
聯博優化波動股票基金AP(總報酬月配息)-美元(基金之配息來源可能為本金)*,ALBU2-AB127,美元,,2024/07/24,RR3,,2026/09/25,76.6,6.44,12.55,7.46,N/A,,11.61,0.16,0.82,76.6,"6,914百萬",,正常狀態
聯博優化波動股票基金AP(總報酬月配權)-美元(基金之配息來源可能為本金)*,ALBU2-AB131,美元,,2024/07/24,RR3,,2026/09/25,76.6,6.44,12.55,7.46,N/A,,11.61,0.16,0.82,76.6,"6,914百萬",,正常狀態
路博邁美國小型企業基金-T 美元,NBT04-NB006,美元,,2013/07/16,RR4,,2026/09/25,25.12,-3.16,6.89,7.44,20.54,,13.96,0.14,0.75,25.12,487百萬,,正常狀態
聯博-優化波動股票基金A(累積)-美元(基金之配息來源可能為本金),ALH37-AB112,美元,,2012/12/11,RR3,,2026/09/25,54.94,6.43,12.51,7.43,47.49,,11.59,0.16,0.82,54.94,"6,914百萬",,正常狀態
聯博-優化波動股票基金AD股(月配息)-美元(基金之配息來源可能為本金)*,ALBI2-AB089,美元,,2013/10/15,RR3,,2026/09/25,27.3,6.42,12.53,7.43,47.48,,11.61,0.16,0.82,27.3,"6,914百萬",,正常狀態
安聯全球收益成長基金-AMf2固定月配類股(月配息)-美元(本基金有相當比重投資於非投資等級之高風險債券且配息來源可能為本金)*,TLZM4-DS108,美元,,2022/01/03,RR3,,2026/09/25,81.36,-0.85,4.41,7.42,38.71,,6.76,0.26,0.52,81.36,845百萬,,正常狀態
安聯全球收益成長基金-AMf2固定月配類股(月配權)-美元(本基金有相當比重投資於非投資等級之高風險債券且配息來源可能為本金)*,TLZM4-DS121,美元,,2022/01/03,RR3,,2026/09/25,81.36,-0.85,4.41,7.42,38.71,,6.76,0.26,0.52,81.36,845百萬,,正常狀態
安聯全球收益成長基金-AMg穩定月收總收益類股(月配息)-美元(本基金有相當比重投資於非投資等級之高風險債券且配息來源可能為本金)*,TLZL5-DS107,美元,,2020/10/15,RR3,,2026/09/25,9.0436,-0.85,4.4,7.42,38.68,,6.77,0.26,0.52,9.0436,845百萬,,正常狀態
安聯全球收益成長基金-AMg穩定月收總收益類股(月配權)-美元(本基金有相當比重投資於非投資等級之高風險債券且配息來源可能為本金)*,TLZL5-DS114,美元,,2020/10/15,RR3,,2026/09/25,9.0436,-0.85,4.4,7.42,38.68,,6.77,0.26,0.52,9.0436,845百萬,,正常狀態
安聯全球收益成長基金-AT累積類股-美元(本基金有相當比重投資於非投資等級之高風險債券),TLZM3-DS109,美元,,2022/04/01,RR3,,2026/09/25,13.0563,-0.86,4.39,7.4,38.63,,6.77,0.26,0.53,13.0563,845百萬,,正常狀態
東方匯理基金新興市場債券 A 南非幣避險 (穩定月配息)(本基金主要係投資於非投資等級之高風險債券且配息來源可能為本金)(本投資標的於2023/7/1後不提供新契約連結)*,PIZD7-PIN18,南非幣,,2014/09/30,RR3,,2026/09/25,205.33,-1.88,2.51,7.3,42.79,,5.77,0.3,1.15,205.33,"4,395百萬",,正常狀態
東方匯理基金新興市場債券 A 南非幣避險 (穩定月配息)(月配權)(本基金主要係投資於非投資等級之高風險債券且配息來源可能為本金)(本投資標的於2023/7/1後不提供新契約連結)*,PIZD7-PIN19,南非幣,,2014/09/30,RR3,,2026/09/25,205.33,-1.88,2.51,7.3,42.79,,5.77,0.3,1.15,205.33,"4,395百萬",,正常狀態
高盛基金III - 高盛美國高股息基金X股對沖級別南非幣(月配息)(本基金之配息來源可能為本金且並無保證收益及配息)*,ANZD14-ING35,南非幣,,2013/11/04,RR4,,2026/09/23,6570.07,0.37,12.83,7.27,55.8,,10.98,0.17,0.29,6570.07,360百萬,,正常狀態
聯博 - 全球多元收益基金AD股(月配息)(基金之配息來源可能為本金)*,ALBG6-AB068,美元,,2014/12/11,RR3,,2026/09/25,9.07,-0.02,5.62,7.15,40.39,,6.76,0.25,0.51,9.07,"3,921百萬",,正常狀態
聯博 - 全球多元收益基金AD股(月配息)-澳幣避險(基金之配息來源可能為本金)*,ALBG4-AB069,澳幣,,2014/12/11,RR3,,2026/09/25,8.31,0.16,5.82,7.13,36.6,,6.65,0.26,0.5,8.31,"3,921百萬",,正常狀態
富達基金 - 美國股票基金 - A,FTZ06-FD002,美元,,1997/06/30,RR4,,2026/09/25,109.3,6.84,16.09,7.05,38.76,,14.29,0.13,1.11,109.3,733百萬,,正常狀態
施羅德環球基金系列–環球股債收息基金A股(月配息)-美元(本基金有相當比重投資於非投資等級之高風險債券且基金之配息來源可能為本金且並無保證收益及配息)*,PYZL8-SD054,美元,,2012/04/18,RR3,,2026/09/24,80.2494,1.21,6.18,7.04,34.24,,8.52,0.2,0.59,80.2494,879百萬,,正常狀態
路博邁美國房地產基金-T 南非幣(月配息)(基金之配息來源可能為本金),NBT45-NB004,南非幣,,2013/06/11,RR4,,2026/09/25,114.92,-6.07,5.32,6.98,30.73,,17.23,0.12,1.04,114.92,228百萬,,正常狀態
法巴社會包容成長基金 C-美元,FLFN9-PV046,美元,,2021/12/03,RR4,,2026/09/23,135.26,-1.1,11.96,6.93,44.49,,12.73,0.14,0.86,135.26,376百萬,,正常狀態
摩根JPM多重收益基金A-歐元(本基金有相當比重投資於非投資等級之高風險債券且配息來源可能為本金)*,JFZA2-JF111,歐元,,2008/12/11,RR3,,2026/09/24,120.9,-0.57,5.37,6.86,27.82,,6.43,0.25,0.46,120.9,"21,529百萬",,正常狀態
匯豐環球投資基金-環球股票氣候解決方案AD股(本基金配息來源可能為本金)*,HSZ23-HSB07,美元,,2007/11/09,RR4,,2026/09/23,14.355,-7.76,6.67,6.86,31.67,,18.42,0.11,0.74,14.355,158百萬,,正常狀態
法巴水資源基金RH(月配息)-美元(基金之配息來源可能為本金),FLFH3-ABN47,美元,,2017/04/21,RR4,,2026/09/23,160.03,-2.19,6.01,6.76,29.59,,15.18,0.12,0.35,160.03,"2,924百萬",,正常狀態
聯博美國成長基金AP(總報酬月配息)-美元(基金之配息來源可能為本金)*,ALBT8-AB126,美元,,2024/07/24,RR4,,2026/09/25,73.6,5.46,15.1,6.67,N/A,,15.05,0.12,1.2,73.6,"9,165百萬",,正常狀態
聯博美國成長基金AP(總報酬月配權)-美元(基金之配息來源可能為本金)*,ALBT8-AB130,美元,,2024/07/24,RR4,,2026/09/25,73.6,5.46,15.1,6.67,N/A,,15.05,0.12,1.2,73.6,"9,165百萬",,正常狀態
聯博 - 美國成長基金AD(月配息)-美元(基金之配息來源可能為本金)*,ALBD3-AB110,美元,,2014/03/06,RR4,,2026/09/25,58.87,5.44,15.04,6.64,65.62,,15.02,0.12,1.2,58.87,"9,165百萬",,正常狀態
路博邁新興市場本地貨幣債券基金-T南非幣(月配息)(本基金有相當比重投資於非投資等級之高風險債券且配息來源可能為本金)(本投資標的於2023/7/1後不提供新契約連結),NBTC0-NB010,南非幣,,2015/06/05,RR3,,2026/09/25,35.49,0.19,2.67,6.63,32.68,,9.73,0.17,1.72,35.49,923百萬,,正常狀態
聯博 - 美國成長基金A股(基金之配息來源可能為本金),ALZ01-AB005,美元,,1997/01/06,RR4,,2026/09/25,263.12,5.45,15.03,6.62,65.59,,15,0.12,1.2,263.12,"9,165百萬",,正常狀態
高盛基金III - 高盛新興市場債券基金X股對沖級別南非幣(月配息)(本基金有相當比重投資於非投資等級之高風險債券且配息來源可能為本金)(本投資標的於2023/7/1後不提供新契約連結)*,ANZH1-ING44,南非幣,,2014/06/30,RR3,,2026/09/23,753.65,-1.18,3.13,6.58,40.52,,5.55,0.28,1.43,753.65,"4,875百萬",,正常狀態
高盛基金III - 高盛新興市場債券基金X股對沖級別南非幣(月配權)(本基金有相當比重投資於非投資等級之高風險債券且配息來源可能為本金)(本投資標的於2023/7/1後不提供新契約連結)*,ANZH1-ING80,南非幣,,2014/06/30,RR3,,2026/09/23,753.65,-1.18,3.13,6.58,40.52,,5.55,0.28,1.43,753.65,"4,875百萬",,正常狀態
富達基金 - 歐洲小型企業基金 - A,FTZ23-FD009,歐元,,1995/12/01,RR4,,2026/09/25,74.75,4.25,14.26,6.55,26.21,,15.95,0.11,0.84,74.75,"1,138百萬",,正常狀態
安聯收益成長基金AM股(穩定月配息)-紐幣避險(本基金有相當比重投資於非投資等級之高風險債券且配息來源可能為本金),TLZ80-DS068,紐幣,,2013/12/02,RR3,,2026/09/25,7.0003,-1.76,5.47,6.49,35.06,,6.95,0.22,0.53,7.0003,"57,025百萬",,正常狀態
安聯動力亞洲非投資等級債券基金-AMg股(穩定月配息)-南非幣避險(基金之配息來源可能為本金)(本投資標的於2023/7/1後不提供新契約連結)*,TLZE5-DS080,南非幣,,2018/11/02,RR4,,2026/09/25,63.77,0.8,5,6.44,46.26,,5.09,0.29,1.11,63.77,697百萬,,正常狀態
路博邁美國多元企業機會基金-T美元,NBT74-NB009,美元,,2013/11/22,RR4,,2026/09/25,32.06,1.42,8.42,6.37,53.32,,10.35,0.15,0.78,32.06,375百萬,,正常狀態
聯博-房貸收益基金AA股(穩定月配)(月配息)-南非幣避險(本基金有相當比重投資於非投資等級之高風險債券且配息來源可能為本金)*,ALBC3-AB105,南非幣,,2014/03/13,RR3,,2026/09/25,61.75,1.11,3.2,6.32,31.6,,1.37,1.04,0.27,61.75,"1,814百萬",,正常狀態
晉達環球策略管理基金C股(月配息)-南非幣避險(基金之配息來源可能為本金)*,GSF69-IV019,南非幣,,2013/12/20,RR3,,2026/09/23,234.94,1.37,9.72,6.31,40.36,,12.2,0.13,0.92,234.94,"1,000百萬",,正常狀態
安聯收益成長基金AM股(穩定月配息)-歐元避險(本基金有相當比重投資於非投資等級之高風險債券且配息來源可能為本金),TLZ73-DS046,歐元,,2013/05/02,RR3,,2026/09/25,7.9664,-1.77,5.38,6.26,31.72,,6.95,0.21,0.53,7.9664,"57,025百萬",,正常狀態
柏瑞環球重點股票基金 A,AIZ34-AIG43,美元,,2003/12/09,RR3,,2026/09/23,63.4894,4.24,9.16,6.25,58.68,,14.39,0.12,1.03,63.4894,"2,299百萬",,正常狀態
百達-智慧城市-HR(年配息)-南非幣(基金之配息來源可能為本金),PIC29-PIT04,南非幣,,2013/12/05,RR3,,2026/09/23,2924.89,-4.17,8.22,6.17,32.04,,13.66,0.12,0.84,2924.89,"9,351百萬",,正常狀態
景順多元收益成長基金A-(穩定月配息)美元對沖股-美元(本基金有相當比重投資於非投資等級之高風險債券，且基金之配息來源可能為本金)*,CTZR0-IVC62,美元,,2020/03/04,RR3,,2026/09/25,10.6903,-0.46,4.89,6.06,34.93,,8.07,0.18,0.55,10.6903,"2,368百萬",,正常狀態
景順多元收益成長基金A-(穩定月配權)美元對沖股-美元(本基金之配息來源可能為本金)*,CTZR0-IVC64,美元,,2020/03/04,RR3,,2026/09/25,10.6903,-0.46,4.89,6.06,34.93,,8.07,0.18,0.55,10.6903,"2,368百萬",,正常狀態
東方匯理基金歐洲小型股票 A 美元避險,PIZE1-PIN17,美元,,2014/01/17,RR4,,2026/09/25,96.47,1.12,8.13,6.06,32.48,,13.91,0.12,0.81,96.47,300百萬,,正常狀態
法巴歐洲可換股債券基金 C (歐元)(本基金有相當比重投資於非投資等級之高風險債券),PAZ38-PV010,歐元,,1998/05/07,RR3,,2026/09/23,181.49,-4.37,4.07,5.95,32.09,,9.1,0.16,2.02,181.49,133百萬,,正常狀態
安聯歐洲成長精選基金-AT累積類股(美元避險),TLZ88-DS059,美元,,2015/03/13,RR4,,2026/09/25,19.168,-2.66,9.32,5.87,18.18,,17.94,0.1,0.89,19.168,245百萬,,正常狀態
聯博 - 新興市場債券基金AA股(穩定月配息)-南非幣避險(本基金有相當比重投資於非投資等級之高風險債券且配息來源可能為本金)(本投資標的於2023/7/1後不提供新契約連結)*,ALBC1-AB060,南非幣,,2014/03/13,RR3,,2026/09/25,56.26,-2.68,2.42,5.83,44.16,,6.98,0.19,1.43,56.26,380百萬,,正常狀態
瑞銀(盧森堡)新興市場債券基金(本基金有相當比重投資於非投資等級之高風險債券)(本投資標的於2023/7/1後不提供新契約連結),SBZ60-UBS005,美元,,1998/03/17,RR3,,2026/09/22,2247.36,-1.86,3.31,5.61,42.47,,7.14,0.18,1.78,2247.36,"2,201百萬",,正常狀態
東方匯理基金新興市場債券 A 澳幣避險 (穩定月配息)(本基金主要係投資於非投資等級之高風險債券且配息來源可能為本金)(本投資標的於2023/7/1後不提供新契約連結)*,PIZD6-PIN23,澳幣,,2014/09/30,RR3,,2026/09/25,15.89,-2.33,1.74,5.61,32.56,,5.87,0.22,1.14,15.89,"4,395百萬",,正常狀態
瑞銀(盧森堡)新興市場債券基金(月配息)(本基金有相當比重投資於非投資等級之高風險債券且配息來源可能為本金)(本投資標的於2023/7/1後不提供新契約連結)*,SBZ67-UBS020,美元,,2007/04/12,RR3,,2026/09/22,48.52,-1.86,3.31,5.6,42.49,,7.14,0.18,1.77,48.52,"2,201百萬",,正常狀態
MFS全盛全球股票基金A1-美元,MFZ42-MFS07,美元,,1999/03/12,RR3,,2026/09/23,96.04,4.35,11.9,5.56,31.08,,15.34,0.1,1.07,96.04,"2,000百萬",,正常狀態
富達基金-歐洲動能基金A股-美元避險,FTZN5-FD052,美元,,2014/01/10,RR4,,2026/09/25,26.02,-2.95,12.93,5.47,11.72,,15.37,0.1,0.73,26.02,"1,188百萬",,正常狀態
東方匯理基金新興市場債券 A 美元 (月配息)(本基金主要係投資於非投資等級之高風險債券且配息來源可能為本金)(本投資標的於2023/7/1後不提供新契約連結)*,PIZA8-PIN11,美元,,2012/04/11,RR3,,2026/09/25,42.41,-2.36,1.49,5.41,34.14,,5.81,0.21,1.14,42.41,"4,395百萬",,正常狀態
東方匯理基金新興市場債券 A 美元 (穩定月配息)(本基金主要係投資於非投資等級之高風險債券且配息來源可能為本金)(本投資標的於2023/7/1後不提供新契約連結)*,PIZN8-PIN20,美元,,2017/06/06,RR3,,2026/09/25,18.98,-2.4,1.49,5.37,34.1,,5.83,0.21,1.15,18.98,"4,395百萬",,正常狀態
摩根基金 - JPM全球成長基金A股(累積)-美元,JFZG7-JF114,美元,,2005/03/31,RR3,,2026/09/24,38.27,1.06,12.16,5.34,69.86,,14.35,0.1,1.06,38.27,484百萬,,正常狀態
貝萊德新興市場債券基金A6股美元(月配息)(基金有相當比重投資於非投資等級之高風險債券且配息來源可能為本金)*,SHZN3-ML044,美元,,2012/04/02,RR3,,2026/09/25,7.48,-2.81,1.74,5.32,39.18,,5.91,0.2,1.15,7.48,"1,818百萬",,正常狀態
瀚亞投資-亞洲非投資等級債券基金Admc1(穩定月配息)-美元(本基金配息來源可能為本金)(本投資標的於2023/7/1後不提供新契約連結)*,IOFB9-PCA51,美元,,2011/10/03,RR4,,2026/09/25,3.936,0.3,3.66,5.31,37.1,,4.72,0.25,1.02,3.936,201百萬,,正常狀態
高盛基金III - 高盛美國高股息基金X股美元(月配息)(本基金之配息來源可能為本金且並無保證收益及配息)*,ANZD12-ING33,美元,,2013/11/04,RR4,,2026/09/23,526.09,-0.17,11.79,5.29,46.51,,10.87,0.12,0.29,526.09,360百萬,,正常狀態
瀚亞投資-亞洲非投資等級債券基金Adm(月配息)-美元(本基金配息來源可能為本金)(本投資標的於2023/7/1後不提供新契約連結)*,IOFB8-PCA50,美元,,2011/10/03,RR4,,2026/09/25,4.198,0.26,3.59,5.23,36.98,,4.7,0.24,1.01,4.198,201百萬,,正常狀態
東方匯理基金環球責任股票 A 美元(本基金之配息來源可能為本金),PIZB3-PIN10,美元,,2007/06/28,RR3,,2026/09/25,610.04,-3.52,3.77,5.16,55.08,,11.33,0.11,0.7,610.04,"2,693百萬",,正常狀態
安聯德國基金,TLZ01-DS013,歐元,,1956/03/26,RR4,,2026/09/23,152.71,2.64,19.21,5.1,31.06,,21.02,0.08,0.88,152.71,"1,912百萬",,已下架但可原定期(不)定額
法巴美國中型股票基金 C (美元),PAZA6-PV025,美元,,2006/01/31,RR4,,2026/09/23,396.07,-1.3,7.62,5.04,34.95,,15.12,0.09,0.96,396.07,91百萬,,正常狀態
東方匯理基金環球責任股票 A2(穩定月配息)-美元(本基金之配息來源可能為本金)*,PIZV9-PIN35,美元,,2021/10/18,RR3,,2026/09/25,51.95,-3.56,3.7,5.02,54.38,,11.33,0.11,0.7,51.95,"2,693百萬",,正常狀態
安聯收益成長基金-AMgi月收總收益類股(月配息)-日圓避險(本基金有相當比重投資於非投資等級之高風險債券且配息來源可能為本金)*,TLZO3-DS122,日圓,,2024/04/02,RR3,,2026/09/25,1779.02,-2.08,4.71,4.86,N/A,,6.97,0.16,0.53,1779.02,"57,025百萬",,正常狀態
安聯收益成長基金-AMgi月收總收益類股(月配權)-日圓避險(本基金有相當比重投資於非投資等級之高風險債券且配息來源可能為本金)*,TLZO3-DS123,日圓,,2024/04/02,RR3,,2026/09/25,1779.02,-2.08,4.71,4.86,N/A,,6.97,0.16,0.53,1779.02,"57,025百萬",,正常狀態
富蘭克林坦伯頓全球投資系列-金磚國家基金,FLZA0-FL027,美元,,2005/10/25,RR5,,2026/09/25,28.12,5.36,7.21,4.85,65.9,,14.9,0.09,1.01,28.12,442百萬,,正常狀態
富達基金 - 亞洲非投資等級債券基金 - A - 月配息(本投資標的於2023/7/1後不提供新契約連結),FTK08-FD045,美元,,2007/04/02,RR4,,2026/09/25,4.851,0.48,4.32,4.84,34.98,,4.97,0.21,1.08,4.851,"1,563百萬",,正常狀態
貝萊德環球前瞻股票基金A2股,SHZ10-ML033,美元,,1996/02/29,RR3,,2026/09/25,110.4,4.94,9.36,4.77,36.96,,12.3,0.1,0.91,110.4,569百萬,,正常狀態
法巴乾淨能源股票基金 C (美元),FLFD2-ABN31,美元,,2013/05/17,RR5,,2026/09/23,86.27,-26.56,-8.68,4.66,9.04,,39.12,0.08,-0.58,86.27,777百萬,,正常狀態
晉達環球策略管理基金(基金之配息來源可能為本金)*,GSF16-IV010,美元,,2000/06/30,RR3,,2026/09/23,76.52,0.72,8.66,4.59,33.12,,12.18,0.09,0.91,76.52,"1,000百萬",,正常狀態
晉達環球策略管理基金C股(月配息)(基金之配息來源可能為本金)*,GSF70-IV021,美元,,2013/12/20,RR3,,2026/09/23,25.28,0.71,8.67,4.57,33.13,,12.19,0.09,0.91,25.28,"1,000百萬",,正常狀態
貝萊德環球非投資等級債券基金A8股南非幣避險(穩定月配息)(基金之配息來源可能為本金)(本投資標的於2023/7/1後不提供新契約連結)*,SHZR9-ML057,南非幣,,2014/02/19,RR3,,2026/09/25,76.45,-0.36,2.85,4.51,34.57,,3.56,0.26,0.9,76.45,"1,968百萬",,正常狀態
東方匯理基金美國非投資等級債券 A 南非幣避險 (穩定月配息)(本基金主要投資於符合美國RULE 144A規定之私募性質債券且配息來源可能為本金)(本投資標的於2023/7/1後不提供新契約連結),PIZD3-PIN16,南非幣,,2014/09/30,RR3,,2026/09/25,342.63,-0.42,2.13,4.51,32.2,,3.39,0.28,0.87,342.63,232百萬,,已下架但可原定期(不)定額
路博邁新興市場本地貨幣債券基金-T美元(月配息)(本基金有相當比重投資於非投資等級之高風險債券且配息來源可能為本金)(本投資標的於2023/7/1後不提供新契約連結),NBTC1-NB008,美元,,2015/06/05,RR3,,2026/09/25,4.05,-0.42,1.62,4.49,23.82,,9.34,0.11,1.64,4.05,923百萬,,正常狀態
瀚亞投資- 美國非投資等級債券基金Azdmc1南非幣避險(穩定月配息)(本基金配息來源可能為本金且主要投資於符合美國Rule 144A規定之私募性質債券)(本投資標的於2023/7/1後不提供新契約連結)*,IOF65-PCA26,南非幣,,2013/12/09,RR3,,2026/09/25,5.513,-0.11,2.79,4.48,33.51,,3.14,0.3,0.8,5.513,364百萬,,已下架但可原定期(不)定額
瀚亞投資- 美國非投資等級債券基金 Azdm南非幣避險(月配息)(本基金配息來源可能為本金且主要投資於符合美國Rule 144A規定之私募性質債券)(本投資標的於2023/7/1後不提供新契約連結)*,IOF42-PCA22,南非幣,,2013/04/02,RR3,,2026/09/25,6.774,-0.1,2.77,4.48,33.48,,3.13,0.3,0.8,6.774,364百萬,,已下架但可原定期(不)定額
高盛基金III - 高盛美國高股息基金X股對沖級別澳幣(月配息)(本基金之配息來源可能為本金且並無保證收益及配息)*,ANZD13-ING34,澳幣,,2013/11/04,RR4,,2026/09/23,456.81,-0.14,11.78,4.47,41.16,,10.91,0.1,0.29,456.81,360百萬,,正常狀態
路博邁美國房地產基金-T 澳幣(月配息)(基金之配息來源可能為本金),NBT46-NB003,澳幣,,2015/10/13,RR4,,2026/09/25,8.22,-6.6,4.2,4.47,18.15,,17.17,0.08,1.03,8.22,228百萬,,正常狀態
路博邁美國房地產基金T(月配息)-美元(基金之配息來源可能為本金),NBT26-NB015,美元,,2013/06/26,RR4,,2026/09/25,9.59,-6.76,3.99,4.41,21.97,,17.21,0.07,1.04,9.59,228百萬,,正常狀態
摩根JPM新興市場債券基金(美元)-(月配息)(本基金主要係投資於非投資等級之高風險債券且配息來源可能為本金)(本投資標的於2023/7/1後不提供新契約連結)*,JFZ92-JF056,美元,,2010/02/22,RR3,,2026/09/24,9.69,-2.24,2.3,4.38,33.57,,6.64,0.14,1.39,9.69,"1,702百萬",,正常狀態
摩根JPM新興市場債券基金A股(穩定月配息)-美元(本基金主要係投資於非投資等級之高風險債券且配息來源可能為本金)(本投資標的於2023/7/1後不提供新契約連結)*,JFZM6-JF112,美元,,2020/11/02,RR3,,2026/09/24,61.9,-2.19,2.25,4.32,33.32,,6.55,0.14,1.36,61.9,"1,702百萬",,正常狀態
高盛基金III - 高盛新興市場債券基金X股美元(月配息)(本基金有相當比重投資於非投資等級之高風險債券且配息來源可能為本金)(本投資標的於2023/7/1後不提供新契約連結)*,ANZA2-ING25,美元,,2012/01/06,RR3,,2026/09/23,37.18,-1.85,1.91,4.31,31.11,,5.56,0.16,1.43,37.18,"4,875百萬",,正常狀態
高盛基金III - 高盛新興市場債券基金X股美元(月配權)(本基金有相當比重投資於非投資等級之高風險債券且配息來源可能為本金)(本投資標的於2023/7/1後不提供新契約連結)*,ANZA2-ING27,美元,,2012/01/06,RR3,,2026/09/23,37.18,-1.85,1.91,4.31,31.11,,5.56,0.16,1.43,37.18,"4,875百萬",,正常狀態
高盛基金III - 高盛新興市場債券基金X股美元(本基金有相當比重投資於非投資等級之高風險債券且配息來源可能為本金)(本投資標的於2023/7/1後不提供新契約連結),ANZA0-ING82,美元,,2012/01/31,RR3,,2026/09/23,414.16,-1.86,1.89,4.29,31.12,,5.56,0.16,1.43,414.16,"4,875百萬",,正常狀態
施羅德環球基金系列-新興市場債券基金A1股-累積(美元)(本基金有相當比重投資於非投資等級之高風險債券且基金之配息來源可能為本金)(本投資標的於2023/7/1後不提供新契約連結),PYZ49-SD001,美元,,2001/08/31,RR3,,2026/09/24,29.1987,0.001,2.68,4.28,20.44,,7.03,0.13,1.31,29.1987,"1,252百萬",,正常狀態
高盛基金III - 高盛新興市場債券基金X股對沖級別澳幣(月配息)(本基金有相當比重投資於非投資等級之高風險債券且配息來源可能為本金)(本投資標的於2023/7/1後不提供新契約連結)*,ANZC6-ING22,澳幣,,2012/08/22,RR3,,2026/09/23,77.24,-1.68,2.15,4.21,27.98,,5.53,0.16,1.42,77.24,"4,875百萬",,正常狀態
高盛基金III - 高盛新興市場債券基金X股對沖級別澳幣(月配權)(本基金有相當比重投資於非投資等級之高風險債券且配息來源可能為本金)(本投資標的於2023/7/1後不提供新契約連結)*,ANZC6-ING28,澳幣,,2012/08/22,RR3,,2026/09/23,77.24,-1.68,2.15,4.21,27.98,,5.53,0.16,1.42,77.24,"4,875百萬",,正常狀態
晉達環球策略管理基金C股(月配息)-澳幣避險(基金之配息來源可能為本金)*,GSF68-IV020,澳幣,,2013/12/20,RR3,,2026/09/23,21.73,0.77,8.69,4.14,28.1,,12.19,0.08,0.92,21.73,"1,000百萬",,正常狀態
富蘭克林坦伯頓全球投資系列-全球債券基金(acc股)(本基金之配息來源可能為本金)*,FLZ68-FL022,美元,,2006/04/28,RR2,,2026/09/25,28.32,0.96,2.98,4.08,14.33,,7.6,0.12,1.25,28.32,"2,444百萬",,正常狀態
富蘭克林坦伯頓全球投資系列-全球債券基金(Dis股)-月配息(本基金之配息來源可能為本金)*,FLZ29-FL025,美元,,1991/02/28,RR2,,2026/09/25,10.69,0.95,3.01,4.07,14.27,,7.65,0.11,1.26,10.69,"2,444百萬",,正常狀態
路博邁新興市場本地貨幣債券基金-T澳幣(月配息)(本基金有相當比重投資於非投資等級之高風險債券且配息來源可能為本金)(本投資標的於2023/7/1後不提供新契約連結),NBTC2-NB011,澳幣,,2015/06/04,RR3,,2026/09/25,3.4,-0.3,1.45,4.07,20.27,,9.35,0.1,1.66,3.4,923百萬,,正常狀態
安聯動力亞洲非投資等級債券基金-AM股(穩定月配息)-美元(基金之配息來源可能為本金)(本投資標的於2023/7/1後不提供新契約連結),TLZF0-DS079,美元,,2017/12/18,RR4,,2026/09/25,4.5501,0.16,3.68,4.06,36.13,,5.13,0.16,1.13,4.5501,697百萬,,正常狀態
富蘭克林坦伯頓全球投資系列-全球基金,FLZA7-FL017,美元,,2001/05/14,RR3,,2026/09/25,52.26,0.06,5.53,4.02,28.69,,13.46,0.08,0.99,52.26,566百萬,,正常狀態
高盛基金III - 高盛環球非投資等級債券基金X股對沖級別南非幣(月配息)(本基金之配息來源可能為本金且本基金主要投資於符合美國Rule 144A規定之私募性質債券)(本投資標的於2023/7/1後不提供新契約連結)*,ANZN2-ING90,南非幣,,2019/12/05,RR3,,2026/09/23,1503.42,0.09,2.9,3.98,30.72,,3.22,0.24,0.9,1503.42,"1,426百萬",,正常狀態
摩根JPM新興市場本地貨幣債券基金(月配息)(本基金之配息來源可能為本金)(本投資標的於2023/7/1後不提供新契約連結)*,JFZ91-JF046,美元,,2009/11/20,RR3,,2026/09/24,6.1,0.06,2.55,3.96,23.97,,9.4,0.09,1.74,6.1,"1,363百萬",,正常狀態
摩根JPM新興市場本地貨幣債券基金(月配權)(本基金之配息來源可能為本金)(本投資標的於2023/7/1後不提供新契約連結)*,JFZ91-JF060,美元,,2009/11/20,RR3,,2026/09/24,6.1,0.06,2.55,3.96,23.97,,9.4,0.09,1.74,6.1,"1,363百萬",,正常狀態
摩根JPM新興市場本地貨幣債券基金(本投資標的於2023/7/1後不提供新契約連結),JFH47-JF038,美元,,2008/01/24,RR3,,2026/09/24,19.79,0.2,2.59,3.94,24,,9.27,0.09,1.69,19.79,"1,363百萬",,正常狀態
富蘭克林坦伯頓全球投資系列-全球債券基金-澳幣避險(Dis股)-月配息(本基金之配息來源可能為本金)*,FLZE7-FL036,澳幣,,2010/09/30,RR2,,2026/09/25,5.74,1.07,3.19,3.93,11.13,,7.67,0.11,1.26,5.74,"2,444百萬",,正常狀態
東方匯理基金環球非投資等級債券 A 南非幣避險 (穩定月配息)(本基金主要投資於符合美國RULE 144A規定之私募性質債券且配息來源可能為本金)(本投資標的於2023/7/1後不提供新契約連結)*,PIZC1-PIN15,南非幣,,2014/09/30,RR3,,2026/09/25,200.82,-0.53,2.14,3.86,34.62,,4.46,0.17,1.1,200.82,178百萬,,已下架但可原定期(不)定額
東方匯理基金新興市場當地貨幣債券 A 美元 (穩定月配息)(本基金之配息來源可能為本金)(本投資標的於2023/7/1後不提供新契約連結)*,PIZO2-PIN21,美元,,2017/06/06,RR3,,2026/09/25,16.12,-0.73,2.06,3.81,23.37,,8.54,0.1,1.55,16.12,"1,180百萬",,正常狀態
聯博-房貸收益基金AA股(穩定月配)(月配息)-澳幣避險(本基金有相當比重投資於非投資等級之高風險債券且配息來源可能為本金)*,ALBB0-AB104,澳幣,,2014/02/20,RR3,,2026/09/25,8.8,0.57,1.96,3.77,19.32,,1.29,0.56,0.26,8.8,"1,814百萬",,正常狀態
聯博 - 全球非投資等級債券基金AA股(穩定月配息)-南非幣避險(基金之配息來源可能為本金)(本投資標的於2023/7/1後不提供新契約連結)*,ALBB7-AB059,南非幣,,2014/03/13,RR3,,2026/09/25,45.92,-0.8,2.55,3.74,33.21,,4.03,0.18,1.01,45.92,"11,438百萬",,正常狀態
聯博 - 全球非投資等級債券基金AA股 穩定月配(月配權)-南非幣避險(基金之配息來源可能為本金)(本投資標的於2023/7/1後不提供新契約連結)*,ALBB7-AB077,南非幣,,2014/03/13,RR3,,2026/09/25,45.92,-0.8,2.55,3.74,33.21,,4.03,0.18,1.01,45.92,"11,438百萬",,正常狀態
晉達新興市場當地貨幣債券基金(月配息)(基金之配息來源可能為本金)(本投資標的於2023/7/1後不提供新契約連結)*,GSF27-IV015,美元,,2007/11/30,RR3,,2026/09/23,7.09,-0.27,2.77,3.74,24.11,,8.88,0.09,2.06,7.09,450百萬,,正常狀態
富達基金－美元現金基金A股-美元,FTZ55-FD059,美元,,1993/09/20,RR1,,2026/09/25,11.8702,0.92,1.82,3.72,14.13,,0.08,12.94,N/A,11.8702,"3,104百萬",,正常狀態
富達基金－美元現金基金A股(累計)-美元,FTZI1-FD060,美元,,2006/09/25,RR1,,2026/09/25,13.5794,0.92,1.82,3.72,14.13,,0.08,13,N/A,13.5794,"3,104百萬",,正常狀態
摩根JPM策略總報酬基金(美元對沖)-A股(累計)(本基金有相當比重投資於非投資等級之高風險債券),JFZE8-JF097,美元,,2015/02/05,RR3,,2026/09/24,162.1,4.61,6.59,3.72,7.87,,7.82,0.1,0.43,162.1,"1,340百萬",,正常狀態
施羅德環球基金系列-新興市場債券基金A1股-月配息(美元)(本基金有相當比重投資於非投資等級之高風險債券且基金之配息來源可能為本金)(本投資標的於2023/7/1後不提供新契約連結)*,PYZ57-SD021,美元,,2003/01/03,RR3,,2026/09/24,7.1109,-0.54,2.12,3.71,19.78,,7.22,0.11,1.37,7.1109,"1,252百萬",,正常狀態
摩根JPM新興市場本地貨幣債券基金(澳幣對沖)-(月配息)(本基金之配息來源可能為本金)(本投資標的於2023/7/1後不提供新契約連結)*,JFZB5-JF071,澳幣,,2013/07/17,RR3,,2026/09/24,3.95,0.24,2.71,3.68,20.56,,9.31,0.09,1.68,3.95,"1,363百萬",,正常狀態
摩根JPM策略總報酬基金(澳幣對沖)-A股(累計)(本基金有相當比重投資於非投資等級之高風險債券),JFZG0-JF099,澳幣,,2016/01/20,RR3,,2026/09/24,12.68,4.79,6.82,3.68,6.64,,7.84,0.1,0.44,12.68,"1,340百萬",,正常狀態
聯博-房貸收益基金A2股-美元(本基金有相當比重投資於非投資等級之高風險債券且配息來源可能為本金),ALBA9-AB099,美元,,2014/02/20,RR3,,2026/09/25,23.67,0.38,1.72,3.68,21.32,,1.32,0.53,0.27,23.67,"1,814百萬",,正常狀態
聯博-房貸收益基金AA股(穩定月配)(月配息)-美元(本基金有相當比重投資於非投資等級之高風險債券且配息來源可能為本金),ALBB1-AB100,美元,,2014/02/20,RR3,,2026/09/25,9.2,0.4,1.76,3.68,21.44,,1.29,0.54,0.26,9.2,"1,814百萬",,正常狀態
安聯全球股票基金,TLZ15-DS002,歐元,,1971/02/15,RR3,,2026/09/23,465.18,-0.68,14.18,3.67,9.16,,15.66,0.06,1.08,465.18,"1,646百萬",,已下架但可原定期(不)定額
法巴美元貨幣市場基金 C (美元),PAZ42-PV015,美元,,1990/03/27,RR1,,2026/09/22,263.1966,0.89,1.8,3.65,13.91,,0.06,18.25,N/A,263.196638,"1,179百萬",,正常狀態
MFS全盛新興市場債券A2(月配息)-美元(本基金有相當比重投資於非投資等級之高風險債券且配息來源可能為本金)(本投資標的於2023/7/1後不提供新契約連結),MFZE0-MFS06,美元,,2002/10/01,RR3,,2026/09/23,14.85,-1.76,1.79,3.58,29.13,,5.27,0.13,1.33,14.85,"3,400百萬",,正常狀態
MFS全盛新興市場債券基金A1股(本基金有相當比重投資於非投資等級之高風險債券)(本投資標的於2023/7/1後不提供新契約連結),MFZ61-MFS02,美元,,2001/01/31,RR3,,2026/09/23,47.16,-1.75,1.81,3.58,28.99,,5.26,0.13,1.32,47.16,"3,400百萬",,正常狀態
聯博 - 新興市場債券基金AT股(月配息)(本基金有相當比重投資於非投資等級之高風險債券且配息來源可能為本金)(本投資標的於2023/7/1後不提供新契約連結),ALZR5-AB021,美元,,2006/03/23,RR3,,2026/09/25,11.42,-3.35,1.21,3.58,34.16,,6.96,0.1,1.43,11.42,380百萬,,正常狀態
聯博 - 新興市場債券基金AT股(月配權)(本基金有相當比重投資於非投資等級之高風險債券且配息來源可能為本金)(本投資標的於2023/7/1後不提供新契約連結),ALZR5-AB043,美元,,2006/03/23,RR3,,2026/09/25,11.42,-3.35,1.21,3.58,34.16,,6.96,0.1,1.43,11.42,380百萬,,正常狀態
聯博 - 新興市場債券基金AT股(月配息)-澳幣避險(本基金有相當比重投資於非投資等級之高風險債券且配息來源可能為本金)(本投資標的於2023/7/1後不提供新契約連結),ALZV4-AB026,澳幣,,2010/06/30,RR3,,2026/09/25,9.76,-3.25,1.4,3.57,30.95,,6.93,0.1,1.42,9.76,380百萬,,正常狀態
聯博 - 新興市場債券基金AT股(月配權)-澳幣避險(本基金有相當比重投資於非投資等級之高風險債券且配息來源可能為本金)(本投資標的於2023/7/1後不提供新契約連結),ALZV4-AB044,澳幣,,2010/06/30,RR3,,2026/09/25,9.76,-3.25,1.4,3.57,30.95,,6.93,0.1,1.42,9.76,380百萬,,正常狀態
聯博 - 新興市場債券基金AA股(穩定月配息)-澳幣避險(本基金有相當比重投資於非投資等級之高風險債券且配息來源可能為本金)(本投資標的於2023/7/1後不提供新契約連結)*,ALB71-AB054,澳幣,,2014/01/14,RR3,,2026/09/25,8.1,-3.24,1.36,3.57,30.97,,6.8,0.11,1.4,8.1,380百萬,,正常狀態
瑞銀(盧森堡)英鎊基金,SBZ19-UBS011,英鎊,,1988/11/25,RR1,,2026/09/22,976.78,0.85,1.86,3.54,13.1,,0.19,5.4,N/A,976.78,153百萬,,正常狀態
施羅德環球基金系列-新興市場債券基金A1股-月配息(澳幣對沖)(本基金有相當比重投資於非投資等級之高風險債券且基金之配息來源可能為本金)(本投資標的於2023/7/1後不提供新契約連結)*,PYZH8-SD028,澳幣,,2010/04/16,RR3,,2026/09/24,57.6993,-0.43,2.25,3.52,16.94,,7.2,0.1,1.36,57.6993,"1,252百萬",,正常狀態
聯博 - 新興市場債券基金AA股(穩定月配息)(本基金有相當比重投資於非投資等級之高風險債券且配息來源可能為本金)(本投資標的於2023/7/1後不提供新契約連結)*,ALB70-AB051,美元,,2014/01/09,RR3,,2026/09/25,8.86,-3.36,1.16,3.46,34.16,,6.98,0.1,1.44,8.86,380百萬,,正常狀態
高盛基金III - 高盛亞洲債券基金X股對沖級別南非幣(月配息)(本基金有相當比重投資於非投資等級之高風險債券且配息來源可能為本金)*,ANZH7-ING45,南非幣,,2015/03/04,RR3,,2026/09/23,1705.08,0.03,2.31,3.46,28.61,,3.5,0.18,0.89,1705.08,152百萬,,正常狀態
瑞銀(盧森堡)美元基金,SBZ18-UBS003,美元,,1988/11/25,RR1,,2026/09/22,2162.03,0.83,1.67,3.44,13.4,,0.13,7.66,N/A,2162.03,"4,931百萬",,正常狀態
安聯全球永續發展基金 Amg 穩定月收總收益類股(月配息)-美元(基金之配息來源可能為本金)*,TLZN0-DS119,美元,,2019/08/01,RR3,,2026/09/25,11.6716,1.36,7.91,3.44,32.95,,11.16,0.07,0.85,11.6716,"1,284百萬",,正常狀態
瀚亞投資- 亞洲債券基金Azdm南非幣避險(月配息)(本基金有相當比重投資於非投資等級之高風險債券且配息來源可能為本金)*,IOF43-PCA20,南非幣,,2013/04/02,RR3,,2026/09/25,7.167,-1.13,1.38,3.43,29.42,,4.06,0.16,0.88,7.167,"2,390百萬",,正常狀態
路博邁非投資等級債券基金-T 南非幣(月配息)(本基金配息來源可能為本金且主要投資於符合美國 Rule144A 規定之私募性質債券)(本投資標的於2023/7/1後不提供新契約連結),NBT64-NB002,南非幣,,2013/06/11,RR3,,2026/09/25,52.67,-0.6,1.82,3.42,30.64,,3.81,0.17,0.99,52.67,"1,655百萬",,正常狀態
路博邁非投資等級債券基金-T 南非幣(月配權)(本基金配息來源可能為本金且主要投資於符合美國 Rule144A 規定之私募性質債券)(本投資標的於2023/7/1後不提供新契約連結),NBT64-NB007,南非幣,,2013/06/11,RR3,,2026/09/25,52.67,-0.6,1.82,3.42,30.64,,3.81,0.17,0.99,52.67,"1,655百萬",,正常狀態
貝萊德美元儲備基金A2股,SHZ30-ML009,美元,,1993/11/30,RR1,,2026/09/25,187.6772,0.82,1.65,3.41,13.18,,0.1,9.32,N/A,187.6772,581百萬,,正常狀態
安聯全球永續發展基金-A類型(美元)(基金之配息來源可能為本金),TLZ57-DS075,美元,,2003/01/02,RR3,,2026/09/25,53.3475,1.36,7.97,3.34,33.38,,11.28,0.07,0.85,53.3475,"1,284百萬",,正常狀態
法巴全球非投資等級債券基金/月配H (澳幣)(本基金主要投資於符合美國Rule 144A規定之私募性質債券，基金之配息來源可能為本金)(本投資標的於2023/7/1後不提供新契約連結),FLFE7-PV034,澳幣,,2013/11/14,RR3,,2026/09/23,53.87,0.57,2.87,3.21,23.22,,2.78,0.2,0.75,53.87,63百萬,,正常狀態
Pimco新興市場債券基金E股(本基金有相當比重投資於非投資等級之高風險債券且配息來源可能為本金)(本投資標的於2023/7/1後不提供新契約連結),PIM29-DS036,美元,,2005/10/28,RR3,,2026/09/25,9.9,-2.98,0.71,3.18,34.77,,6.29,0.1,1.33,9.9,"6,600百萬",,正常狀態
PIMCO新興市場債券基金-M級類別(月配息強化)-美元(本基金有相當比重投資於非投資等級之高風險債券且配息來源可能為本金)(本投資標的於2023/7/1後不提供新契約連結)*,PIM52-DS100,美元,,2013/12/23,RR3,,2026/09/25,7,-2.96,0.63,3.18,34.87,,6.17,0.1,1.31,7,"6,600百萬",,正常狀態
富達基金 - 新興市場債券基金 - A - 月配息(本基金主要係投資於非投資等級之高風險債券)(本投資標的於2023/7/1後不提供新契約連結),FTK10-FD040,美元,,2006/01/23,RR3,,2026/09/25,8.646,-3.78,-0.15,3.18,29.46,,6.27,0.1,1.3,8.646,521百萬,,正常狀態
聯博 - 全球不動產證券基金A股(基金之配息來源可能為本金),ALZ17-AB025,美元,,1997/02/28,RR4,,2026/09/25,29.28,-5.97,1.21,3.17,27.03,,17.36,0.05,1.06,29.28,38百萬,,正常狀態
晉達英國Alpha基金,GSF19-IV006,英鎊,,2004/12/23,RR4,,2026/09/23,107.7,4.82,11.21,3.16,21.74,,15.61,0.06,0.91,107.7,85百萬,,正常狀態
安本-歐元非投資等級債券基金A股-(美元基本貨幣避險)(月配息)(本投資標的於2023/7/1後不提供新契約連結)*,ANZD4-ABG11,美元,,2013/03/25,RR3,,2026/09/25,10.6588,-0.75,2.9,3.08,24.01,,3.67,0.15,0.85,10.6588,322百萬,,正常狀態
富達基金 - 全球消費品牌基金 - A(本基金非屬環境、社會、治理相關主題基金),FTZ65-FD005,歐元,,2000/09/01,RR4,,2026/09/25,99.07,1.42,12.43,3.07,24.99,,11.76,0.06,0.8,99.07,821百萬,,正常狀態
法巴全球非投資等級債券基金/月配(美元)避險(本基金主要投資於符合美國Rule 144A規定之私募性質債券，基金之配息來源可能為本金)(本投資標的於2023/7/1後不提供新契約連結),FLFF3-PV038,美元,,2013/11/14,RR3,,2026/09/23,57.2,0.41,2.57,3.04,25.74,,2.74,0.19,0.75,57.2,63百萬,,正常狀態
法巴全球非投資等級債券基金 H (美元)(本基金主要投資於符合美國Rule 144A規定之私募性質債券，基金之配息來源可能為本金)(本投資標的於2023/7/1後不提供新契約連結),FLF61-ABN20,美元,,2007/06/01,RR3,,2026/09/23,155.42,0.39,2.55,3.04,25.82,,2.74,0.19,0.75,155.42,63百萬,,正常狀態
安本-新興市場債券基金A股(月配息)-美元(本基金主要係投資於非投資等級之高風險債券)(本投資標的於2023/7/1後不提供新契約連結)*,ANZ51-ABG04,美元,,2001/08/15,RR3,,2026/09/25,13.7688,-2.63,1.71,2.97,31.32,,6.01,0.09,1.16,13.7688,305百萬,,正常狀態
法巴美國非投資等級債券基金/月配H (澳幣)(本基金主要投資於符合美國Rule 144A規定之私募性質債券，基金之配息來源可能為本金)(本投資標的於2023/7/1後不提供新契約連結),FLFE8-PV035,澳幣,,2013/11/14,RR3,,2026/09/23,60.53,0.08,2.11,2.74,21.76,,2.71,0.16,0.44,60.53,67百萬,,已下架但可原定期(不)定額
富達基金 - 美元非投資等級債券基金 - A - 月配息(本基金主要投資於符合美國Rule 144A規定之私募性質債券)(本投資標的於2023/7/1後不提供新契約連結),FTZA3-FD039,美元,,2003/06/09,RR3,,2026/09/25,10.5,-0.83,1.44,2.74,22.7,,3.67,0.12,0.94,10.5,"2,497百萬",,正常狀態
PIMCO新興市場債券基金M股(月配息)(本基金有相當比重投資於非投資等級之高風險債券且配息來源可能為本金)(本投資標的於2023/7/1後不提供新契約連結),PIM42-DS040,美元,,2010/11/30,RR3,,2026/09/25,8.82,-3.02,0.21,2.73,34.08,,6.18,0.08,1.3,8.82,"6,600百萬",,正常狀態
富達基金 - 美元非投資等級債券基金 - A(本基金主要投資於符合美國Rule 144A規定之私募性質債券)(本投資標的於2023/7/1後不提供新契約連結),FTZA2-FD034,美元,,2001/09/05,RR3,,2026/09/25,11.1,-0.84,1.39,2.73,22.7,,3.54,0.12,0.91,11.1,"2,497百萬",,正常狀態
富達基金-美元非投資等級基金F1(穩定月配息)-美元(本基金主要投資於符合美國Rule 144A規定之私募性質債券且配息來源可能為本金)(本投資標的於2023/7/1後不提供新契約連結)*,FTZL8-FD055,美元,,2013/06/18,RR3,,2026/09/25,7.595,-0.86,1.37,2.68,22.63,,3.63,0.12,0.93,7.595,"2,497百萬",,正常狀態
霸菱環球非投資等級債券基金-G類(月配息)-澳幣避險(本基金主要投資於符合美國 Rule 144A規定之私募性質債券且配息來源可能為本金)(本投資標的於2023/7/1後不提供新契約連結)*,PLB16-BR015,澳幣,,2018/10/01,RR3,,2026/09/24,69.01,-0.61,2.04,2.64,23.47,,3.36,0.12,0.86,69.01,"5,434百萬",,正常狀態
霸菱環球非投資等級債券基金-G類(累積)-澳幣避險(本基金主要投資於符合美國 Rule 144A規定之私募性質債券且配息來源可能為本金)(本投資標的於2023/7/1後不提供新契約連結)*,PLB20-BR016,澳幣,,2021/02/01,RR3,,2026/09/24,119.84,-0.63,1.98,2.59,23.34,,3.34,0.12,0.85,119.84,"5,434百萬",,正常狀態
霸菱環球非投資等級債券基金-G類(月配息)-美元(本基金主要投資於符合美國 Rule 144A規定之私募性質債券且配息來源可能為本金)(本投資標的於2023/7/1後不提供新契約連結)*,PLB15-BR013,美元,,2018/10/01,RR3,,2026/09/24,71.36,-0.76,1.77,2.57,25.83,,3.35,0.12,0.86,71.36,"5,434百萬",,正常狀態
霸菱環球非投資等級債券基金-G類(累積)-美元(本基金主要投資於符合美國 Rule 144A規定之私募性質債券且配息來源可能為本金)(本投資標的於2023/7/1後不提供新契約連結)*,PLB14-BR014,美元,,2018/10/01,RR3,,2026/09/24,140.21,-0.76,1.76,2.57,25.81,,3.34,0.12,0.86,140.21,"5,434百萬",,正常狀態
聯博-優化短期非投資等級債券基金AA(穩定月配息)-澳幣(本基金主要投資於符合美國 Rule 144A規定之私募性質債券且基金之配息來源可能為本金)(本投資標的於2023/7/1後不提供新契約連結)*,ALBN6-AB125,澳幣,,2014/01/14,RR3,,2026/09/25,10.78,-0.46,1.85,2.56,18.44,,2.47,0.16,0.63,10.78,"1,449百萬",,正常狀態
高盛基金III - 高盛旗艦多元資產基金X股對沖級別美元(月配息)(本基金之配息來源可能為本金)*,ANZI7-ING51,美元,,2015/08/12,RR3,,2026/09/23,159.67,-0.87,3.39,2.54,18.31,,5.06,0.08,0.34,159.67,315百萬,,正常狀態
高盛基金III - 高盛旗艦多元資產基金X股對沖級別美元(月配權)(本基金之配息來源可能為本金)*,ANZI7-ING53,美元,,2015/08/12,RR3,,2026/09/23,159.67,-0.87,3.39,2.54,18.31,,5.06,0.08,0.34,159.67,315百萬,,正常狀態
高盛基金III - 高盛旗艦多元資產基金X股對沖級別澳幣(月配息)(本基金之配息來源可能為本金)*,ANZI6-ING52,澳幣,,2015/08/12,RR3,,2026/09/23,143.37,-0.77,3.56,2.53,15.67,,5.08,0.08,0.35,143.37,315百萬,,正常狀態
高盛基金III - 高盛旗艦多元資產基金X股對沖級別澳幣(月配權)(本基金之配息來源可能為本金)*,ANZI6-ING54,澳幣,,2015/08/12,RR3,,2026/09/23,143.37,-0.77,3.56,2.53,15.67,,5.08,0.08,0.35,143.37,315百萬,,正常狀態
法巴美國非投資等級債券基金/月配 (美元)(本基金主要投資於符合美國Rule 144A規定之私募性質債券，基金之配息來源可能為本金)(本投資標的於2023/7/1後不提供新契約連結),PAZB0-PV021,美元,,2001/04/16,RR3,,2026/09/23,51.97,-0.1,1.77,2.51,24.18,,2.66,0.14,0.44,51.97,67百萬,,已下架但可原定期(不)定額
聯博-優化短期非投資等級債券基金AA(穩定月配息)-美元(本基金主要投資於符合美國 Rule 144A規定之私募性質債券且基金之配息來源可能為本金)(本投資標的於2023/7/1後不提供新契約連結)*,ALH34-AB124,美元,,2014/01/09,RR3,,2026/09/25,11.43,-0.55,1.59,2.48,20.78,,2.54,0.14,0.65,11.43,"1,449百萬",,正常狀態
東方匯理基金歐洲小型股票 A 美元,PIZA0-PIN09,美元,,2008/11/24,RR4,,2026/09/25,247.22,0.81,5.31,2.48,37.62,,17.96,0.04,1.09,247.22,300百萬,,正常狀態
聯博-優化短期非投資等級債券基金A2-美元(本基金主要投資於符合美國 Rule 144A規定之私募性質債券且基金之配息來源可能為本金)(本投資標的於2023/7/1後不提供新契約連結),ALH33-AB123,美元,,2011/07/29,RR3,,2026/09/25,26.5,-0.56,1.57,2.47,20.73,,2.52,0.14,0.65,26.5,"1,449百萬",,正常狀態
高盛基金III - 高盛新興市場債券基金X股對沖級別歐元(本基金有相當比重投資於非投資等級之高風險債券且配息來源可能為本金)(本投資標的於2023/7/1後不提供新契約連結),ANZA1-ING81,歐元,,2003/07/28,RR3,,2026/09/23,4893.21,-2.25,1.01,2.42,23.75,,5.48,0.07,1.42,4893.21,"4,875百萬",,正常狀態
安聯歐洲成長基金,TLZ51-DS012,歐元,,1997/01/13,RR4,,2026/09/23,155.79,-1.98,13.92,2.42,10.7,,21.37,0.05,1.08,155.79,"1,043百萬",,已下架但可原定期(不)定額
瑞銀(盧森堡)美元非投資等級債券基金(月配息)(本基金之配息來源可能為本金及本基金主要投資於符合美國Rule 144A規定之私募性質債券)(本投資標的於2023/7/1後不提供新契約連結)*,SBZ79-UBS021,美元,,2010/01/15,RR3,,2026/09/22,73.5,0.15,2.83,2.41,24.2,,3.63,0.1,0.98,73.5,585百萬,,正常狀態
摩根JPM新興市場債券基金(歐元對沖)-A股(分派)(本基金主要係投資於非投資等級之高風險債券且配息來源可能為本金)(本投資標的於2023/7/1後不提供新契約連結)*,JFZ83-JF030,歐元,,1997/03/14,RR3,,2026/09/24,5.69,-2.45,1.31,2.34,25.66,,6.49,0.06,1.36,5.69,"1,702百萬",,正常狀態
美盛美國非投資等級債券基金A類股(月配息)-美元(本基金主要投資於符合美國Rule 144A規定之私募性質債券且基金之配息來源可能為本金)(本投資標的於2023/7/1後不提供新契約連結),WEA39-LM009,美元,,2010/12/20,RR3,,2026/09/25,83.16,-1.37,0.78,2.29,25.71,,3.59,0.09,0.92,83.16,94百萬,,正常狀態
摩根JPM貨幣基金-港元,JFZ48-JF017,港幣,,1983/06/16,RR1,,2026/09/23,188.83,0.56,1.04,2.28,9.56,,0.1,6.82,0.83,188.83,"1,002百萬",,已下架但不可繼續定期(不)定額
摩根JPM美國基金(澳幣),JFZB6-JF074,澳幣,,2013/07/22,RR4,,2026/09/24,61.31,0.51,10.83,2.17,51.2,,9.37,0.04,0.54,61.31,"7,728百萬",,正常狀態
貝萊德環球非投資等級債券基金 A6 美元(月配息)(基金之配息來源可能為本金)(本投資標的於2023/7/1後不提供新契約連結)*,SHZN2-ML048,美元,,2012/04/02,RR3,,2026/09/25,5.76,-0.92,1.57,2.11,24.83,,3.45,0.08,0.88,5.76,"1,968百萬",,正常狀態
摩根JPM環球非投資等級債券基金(澳幣對沖)-A股(月配息)(本基金之配息來源可能為本金且主要投資於符合美國Rule 144A規定之私募性質債券)(本投資標的於2023/7/1後不提供新契約連結)*,JFZA9-JF063,澳幣,,2013/03/12,RR3,,2026/09/24,6.93,-0.79,1.61,2.08,23.35,,3.13,0.08,0.8,6.93,"5,389百萬",,正常狀態
摩根JPM美國企業成長基金A-美元,JFZG2-JF113,美元,,2005/03/31,RR4,,2026/09/24,101.2,1.04,13.72,2.06,75.45,,15.23,0.04,1.06,101.2,"6,193百萬",,正常狀態
摩根JPM環球非投資等級債券基金(美元)-A股(月配息)(本基金之配息來源可能為本金且主要投資於符合美國Rule 144A規定之私募性質債券)(本投資標的於2023/7/1後不提供新契約連結)*,JFZ89-JF048,美元,,2008/09/17,RR3,,2026/09/24,79.15,-0.94,1.29,2.05,25.83,,3.04,0.08,0.78,79.15,"5,389百萬",,正常狀態
摩根JPM環球非投資等級債券基金(美元)-A股(月配權)(本基金之配息來源可能為本金且主要投資於符合美國Rule 144A規定之私募性質債券)(本投資標的於2023/7/1後不提供新契約連結)*,JFZ89-JF059,美元,,2008/09/17,RR3,,2026/09/24,79.15,-0.94,1.29,2.05,25.83,,3.04,0.08,0.78,79.15,"5,389百萬",,正常狀態
貝萊德環球非投資等級債券基金A3(月配息)-美元(本投資標的於2023/7/1後不提供新契約連結),SHZ93-ML068,美元,,2007/06/08,RR3,,2026/09/25,7.45,-0.98,1.57,2.04,24.64,,3.6,0.07,0.92,7.45,"1,968百萬",,正常狀態
貝萊德環球非投資等級債券基金A2-美元(本投資標的於2023/7/1後不提供新契約連結),SHZ62-ML069,美元,,2007/06/08,RR3,,2026/09/25,33.79,-1,1.53,2.02,24.73,,3.52,0.07,0.9,33.79,"1,968百萬",,正常狀態
摩根JPM環球非投資等級債券基金(澳幣對沖)-A股(本基金主要投資於符合美國Rule 144A規定之私募性質債券)(本投資標的於2023/7/1後不提供新契約連結),JFZC8-JF085,澳幣,,2014/04/03,RR3,,2026/09/24,15.76,-0.82,1.48,2.01,23.13,,3.02,0.08,0.77,15.76,"5,389百萬",,正常狀態
法巴新興市場債券基金/月配H (澳幣)(本基金主要係投資於非投資等級之高風險債券，基金之配息來源可能為本金)(本投資標的於2023/7/1後不提供新契約連結),FLFF2-PV040,澳幣,,2014/06/24,RR3,,2026/09/23,39.46,-2.57,2.57,1.99,27.73,,7.49,0.04,1.89,39.46,377百萬,,正常狀態
貝萊德美元非投資等級債券基金A3股澳幣避險(月配息)(本基金主要投資於符合美國Rule 144A規定之私募性質債券)(本投資標的於2023/7/1後不提供新契約連結),SHZM6-ML042,澳幣,,2011/03/04,RR3,,2026/09/25,9.89,-0.99,1.14,1.94,21.52,,3.37,0.06,0.87,9.89,"2,902百萬",,正常狀態
霸菱優先順位資產抵押債券基金-G類(月配息)-澳幣避險(本基金主要投資於非投資等級之高風險債券及符合美國Rule 144A規定之私募性質債券且基金之配息來源可能為本金)(本投資標的於2023/7/1後不提供新契約連結)*,PLB06-BR012,澳幣,,2018/10/01,RR3,,2026/09/24,72.06,-0.45,2,1.92,21.14,,2.89,0.07,0.73,72.06,"3,288百萬",,正常狀態
瀚亞投資- 美國非投資等級債券基金Adm(月配息)(本基金配息來源可能為本金且主要投資於符合美國Rule 144A規定之私募性質債券)(本投資標的於2023/7/1後不提供新契約連結)*,IOF15-PCA15,美元,,2009/06/01,RR3,,2026/09/25,7.328,-0.79,1.41,1.92,23.41,,3.11,0.07,0.8,7.328,364百萬,,已下架但可原定期(不)定額
瀚亞投資- 美國非投資等級債券基金Admc1(穩定月配息)(本基金配息來源可能為本金且主要投資於符合美國Rule 144A規定之私募性質債券)(本投資標的於2023/7/1後不提供新契約連結)*,IOF63-PCA24,美元,,2013/12/09,RR3,,2026/09/25,4.927,-0.78,1.43,1.91,23.41,,3.13,0.07,0.8,4.927,364百萬,,已下架但可原定期(不)定額
法巴新興市場債券基金/月配 (美元)(本基金主要係投資於非投資等級之高風險債券，基金之配息來源可能為本金)(本投資標的於2023/7/1後不提供新契約連結),PAZA8-PV022,美元,,1998/10/15,RR3,,2026/09/23,50.02,-2.78,2.32,1.9,30.9,,7.52,0.04,1.91,50.02,377百萬,,正常狀態
霸菱優先順位資產抵押債券基金-G類(累積)-澳幣避險(本基金主要投資於非投資等級之高風險債券及符合美國Rule 144A規定之私募性質債券且基金之配息來源可能為本金)(本投資標的於2023/7/1後不提供新契約連結)*,PLB07-BR011,澳幣,,2018/10/01,RR3,,2026/09/24,129,-0.45,1.99,1.9,21.04,,2.87,0.07,0.73,129,"3,288百萬",,正常狀態
摩根JPM美國小型企業股票基金(美元)-A 股(分派)(本基金之配息來源可能為本金),JFZF8-JF020,美元,,1988/11/16,RR4,,2026/09/24,324.56,-5.35,6.49,1.88,16.8,,16.74,0.03,0.99,324.56,779百萬,,正常狀態
法巴新興市場債券基金 C (美元)(本基金主要係投資於非投資等級之高風險債券，基金之配息來源可能為本金)(本投資標的於2023/7/1後不提供新契約連結),PAZ33-PV005,美元,,1998/10/16,RR3,,2026/09/23,515.74,-2.79,2.3,1.88,30.83,,7.52,0.03,1.91,515.74,377百萬,,正常狀態
東方匯理基金美國非投資等級債券 A 美元(本基金主要投資於符合美國RULE 144A規定之私募性質債券且配息來源可能為本金)(本投資標的於2023/7/1後不提供新契約連結),PIZ21-PIN01,美元,,2001/12/27,RR3,,2026/09/25,17.91,-1.05,0.79,1.88,21.92,,3.37,0.06,0.87,17.91,232百萬,,已下架但可原定期(不)定額
霸菱優先順位資產抵押債券基金-G類(月配息)-美元(本基金主要投資於非投資等級之高風險債券及符合美國Rule 144A規定之私募性質債券且基金之配息來源可能為本金)(本投資標的於2023/7/1後不提供新契約連結)*,PLB04-BR010,美元,,2018/10/01,RR3,,2026/09/24,73.99,-0.58,1.76,1.87,23.36,,2.86,0.07,0.73,73.99,"3,288百萬",,正常狀態
聯博 - 新興市場債券基金AT股(月配息)-紐幣避險(本基金有相當比重投資於非投資等級之高風險債券且配息來源可能為本金)(本投資標的於2023/7/1後不提供新契約連結),ALB12-AB046,紐幣,,2012/09/28,RR3,,2026/09/25,8.7,-3.67,0.36,1.86,30.09,,6.88,0.04,1.43,8.7,380百萬,,正常狀態
貝萊德美元非投資等級債券基金 A6 美元(月配息)(本基金主要投資於符合美國Rule 144A規定之私募性質債券且配息來源可能為本金)(本投資標的於2023/7/1後不提供新契約連結)*,SHZN0-ML047,美元,,2012/02/01,RR3,,2026/09/25,4.2,-0.99,1.05,1.86,24.12,,3.42,0.06,0.88,4.2,"2,902百萬",,正常狀態
霸菱優先順位資產抵押債券基金-G類(累積)-美元(本基金主要投資於非投資等級之高風險債券及符合美國Rule 144A規定之私募性質債券且基金之配息來源可能為本金)(本投資標的於2023/7/1後不提供新契約連結)*,PLB05-BR009,美元,,2018/10/01,RR3,,2026/09/24,137.92,-0.58,1.73,1.85,23.33,,2.85,0.07,0.72,137.92,"3,288百萬",,正常狀態
野村基金(愛爾蘭系列)-全球多元收益債券基金T-美元(本基金之配息來源可能為本金且有相當比重投資於非投資等級之高風險債券且並無保證收益及配息)*,NFI29-ING85,美元,,2021/07/15,RR3,,2026/09/23,103.1675,-1.07,1.46,1.85,21.62,,4.5,0.05,1.15,103.1675,"2,499百萬",,正常狀態
野村基金(愛爾蘭系列)-全球多元收益債券基金TD(月配息)-美元(本基金之配息來源可能為本金且有相當比重投資於非投資等級之高風險債券且並無保證收益及配息)*,NFI27-ING86,美元,,2021/07/15,RR3,,2026/09/23,69.9702,-1.07,1.46,1.85,21.63,,4.51,0.05,1.16,69.9702,"2,499百萬",,正常狀態
東方匯理基金美國非投資等級債券 A 美元 (月配息)(本基金主要投資於符合美國RULE 144A規定之私募性質債券且配息來源可能為本金)(本投資標的於2023/7/1後不提供新契約連結),PIZ43-PIN08,美元,,2005/08/02,RR3,,2026/09/25,42.4,-1.08,0.76,1.85,21.96,,3.33,0.06,0.86,42.4,232百萬,,已下架但可原定期(不)定額
貝萊德美元非投資等級債券基金A2股美元(本基金主要投資於符合美國Rule 144A規定之私募性質債券)(本投資標的於2023/7/1後不提供新契約連結)*,SHZ81-ML058,美元,,1993/10/29,RR3,,2026/09/25,45.32,-1.07,0.96,1.84,23.99,,3.36,0.06,0.86,45.32,"2,902百萬",,正常狀態
貝萊德美元非投資等級債券基金A8股澳幣避險(月配息)(本基金主要投資於符合美國Rule 144A規定之私募性質債券且配息來源可能為本金)(本投資標的於2023/7/1後不提供新契約連結)*,SHZO2-ML051,澳幣,,2013/02/20,RR3,,2026/09/25,7.61,-1,1.1,1.84,21.47,,3.35,0.06,0.87,7.61,"2,902百萬",,正常狀態
貝萊德美元非投資等級債券基金A3股美元(月配息)(本基金主要投資於符合美國Rule 144A規定之私募性質債券)(本投資標的於2023/7/1後不提供新契約連結),SHZ98-ML041,美元,,2003/09/01,RR3,,2026/09/25,5.47,-0.95,0.93,1.83,23.95,,3.19,0.06,0.82,5.47,"2,902百萬",,正常狀態
美盛全球非投資等級債券基金-A股澳幣計價(月配息)(本基金之配息來源可能為本金)(本投資標的於2023/7/1後不提供新契約連結),WEA28-LM005,澳幣,,2010/06/28,RR3,,2026/09/25,64.87,-1.94,0.72,1.81,23.29,,4.12,0.05,1.01,64.87,37百萬,,正常狀態
瀚亞投資- 美國非投資等級債券基金 AADM級澳幣避險(月配息)(本基金配息來源可能為本金且主要投資於符合美國Rule 144A規定之私募性質債券)(本投資標的於2023/7/1後不提供新契約連結)*,IOF34-PCA14,澳幣,,2012/06/18,RR3,,2026/09/25,5.991,-0.67,1.59,1.78,20.85,,3.09,0.05,0.79,5.991,364百萬,,已下架但可原定期(不)定額
瀚亞投資- 美國非投資等級債券基金Aadmc1澳幣避險(穩定月配息)(本基金配息來源可能為本金且主要投資於符合美國Rule 144A規定之私募性質債券)(本投資標的於2023/7/1後不提供新契約連結)*,IOF64-PCA25,澳幣,,2013/12/09,RR3,,2026/09/25,5.03,-0.68,1.57,1.78,20.81,,3.08,0.05,0.79,5.03,364百萬,,已下架但可原定期(不)定額
富蘭克林坦伯頓全球投資系列-公司債基金(acc股)(本基金主要係投資於非投資等級之高風險債券及符合美國Rule 144A規定之私募性質債券且基金之配息來源可能為本金)(本投資標的於2023/7/1後不提供新契約連結)*,FLZA9-FL021,美元,,2001/07/02,RR3,,2026/09/25,25.27,-1.17,0.52,1.69,24.06,,3.49,0.04,0.9,25.27,"1,252百萬",,正常狀態
富蘭克林坦伯頓全球投資系列-公司債基金(Dis股)-月配息(本基金主要係投資於非投資等級之高風險債券及符合美國Rule 144A規定之私募性質債券且基金之配息來源可能為本金)(本投資標的於2023/7/1後不提供新契約連結)*,FLZ41-FL024,美元,,1996/03/01,RR3,,2026/09/25,5.05,-1.18,0.54,1.67,24.01,,3.63,0.04,0.94,5.05,"1,252百萬",,正常狀態
富蘭克林坦伯頓全球投資系列-公司債基金(Dis股)-月配權(本基金主要係投資於非投資等級之高風險債券及符合美國Rule 144A規定之私募性質債券且基金之配息來源可能為本金)(本投資標的於2023/7/1後不提供新契約連結)*,FLZ41-FL041,美元,,1996/03/01,RR3,,2026/09/25,5.05,-1.18,0.54,1.67,24.01,,3.63,0.04,0.94,5.05,"1,252百萬",,正常狀態
瑞銀(盧森堡)歐元基金,SBZ20-UBS002,歐元,,1989/10/09,RR1,,2026/09/22,888.83,0.46,0.9,1.67,7.54,,0.08,6.31,N/A,888.83,"3,943百萬",,正常狀態
法巴美元短期債券基金/月配 (美元)(基金之配息來源可能為本金),PAH16-PV023,美元,,1996/12/09,RR2,,2026/09/23,103.18,-0.44,0.41,1.67,13.57,,1.83,0.07,0.49,103.18,143百萬,,正常狀態
法巴美元短期債券基金 C (美元),PAZ36-PV016,美元,,1990/03/30,RR2,,2026/09/23,537.79,-0.44,0.41,1.66,13.55,,1.82,0.07,0.49,537.79,143百萬,,正常狀態
法巴新興市場精選債券基金/月配 (美元)(本基金主要係投資於非投資等級之高風險債券，基金之配息來源可能為本金)(本投資標的於2023/7/1後不提供新契約連結),FLF56-ABN44,美元,,2013/05/21,RR3,,2026/09/23,9.96,-2.53,3.12,1.61,28.62,,11.17,0.02,2.76,9.96,305百萬,,正常狀態
霸菱成熟及新興市場非投資等級債券基金-G類美元(月配息)(本基金之配息來源可能為本金)(本投資標的於2023/7/1後不提供新契約連結)*,PLZ45-BR007,美元,,2022/12/02,RR3,,2026/09/24,7.28,-0.68,1.61,1.61,23.97,,3.19,0.04,0.78,7.28,253百萬,,正常狀態
法巴新興市場當地貨幣債券基金/月配 (美元)(本基金有相當比重投資於非投資等級之高風險債券，基金之配息來源可能為本金)(本投資標的於2023/7/1後不提供新契約連結),FLF75-ABN45,美元,,2010/11/26,RR3,,2026/09/23,23.95,-1.6,3.31,1.6,23.39,,12.01,0.02,2.86,23.95,250百萬,,正常狀態
晉達新興市場公司債券基金C收益-2股(月配息)-南非幣避險(本基金有相當比重投資於非投資等級之高風險債券且基金之配息來源可能為本金)(本投資標的於2023/7/1後不提供新契約連結)*,GSF79-IV025,南非幣,,2014/06/27,RR3,,2026/09/23,119.76,-0.65,2.93,1.59,28.09,,4.75,0.03,0.94,119.76,"1,200百萬",,正常狀態
法巴新興市場當地貨幣債券基金 C (美元)(本基金有相當比重投資於非投資等級之高風險債券)(本投資標的於2023/7/1後不提供新契約連結),FLF69-PV042,美元,,2006/05/12,RR3,,2026/09/23,142.28,-1.64,3.3,1.58,23.36,,12.03,0.02,2.86,142.28,250百萬,,正常狀態
法巴新興市場精選債券基金 C (美元)(本基金主要係投資於非投資等級之高風險債券，基金之配息來源可能為本金)(本投資標的於2023/7/1後不提供新契約連結),FLF54-ABN22,美元,,1998/05/27,RR3,,2026/09/23,239.71,-2.52,3.06,1.57,28.6,,11.11,0.02,2.75,239.71,305百萬,,正常狀態
摩根JPM環球短債基金,JFZA0-JF053,美元,,2009/07/21,RR2,,2026/09/24,13.28,-0.3,0.91,1.53,13.31,,1.63,0.05,0.33,13.28,715百萬,,正常狀態
瑞銀(盧森堡)歐元非投資等級債券基金(本投資標的於2023/7/1後不提供新契約連結),SBZ42-UBS019,歐元,,1998/05/15,RR3,,2026/09/22,265.98,-0.69,1.91,1.49,21.55,,3.32,0.03,0.84,265.98,"3,653百萬",,正常狀態
野村基金(愛爾蘭系列)-美國非投資等級債券基金TD(月配息)-美元(本基金之配息來源可能為本金且本基金主要投資於符合美國Rule 144A規定之私募性質債券)(本投資標的於2023/7/1後不提供新契約連結)*,NFI02-ING62,美元,,2014/10/02,RR3,,2026/09/23,60.6153,-0.54,1.41,1.48,22.13,,3.36,0.03,0.93,60.6153,"4,116百萬",,正常狀態
聯博 - 全球非投資等級債券基金AA股(穩定月配息)-澳幣避險(基金之配息來源可能為本金)(本投資標的於2023/7/1後不提供新契約連結)*,ALB59-AB053,澳幣,,2014/01/14,RR3,,2026/09/25,6.61,-1.33,1.48,1.47,20.95,,3.83,0.02,0.96,6.61,"11,438百萬",,正常狀態
聯博 - 全球非投資等級債券基金AA股 穩定月配(月配權)-澳幣避險(基金之配息來源可能為本金)(本投資標的於2023/7/1後不提供新契約連結)*,ALB59-AB076,澳幣,,2014/01/14,RR3,,2026/09/25,6.61,-1.33,1.48,1.47,20.95,,3.83,0.02,0.96,6.61,"11,438百萬",,正常狀態
野村基金(愛爾蘭系列)-美國非投資等級債券基金T(累積)-美元(本基金之配息來源可能為本金且本基金主要投資於符合美國Rule 144A規定之私募性質債券)(本投資標的於2023/7/1後不提供新契約連結),NFI12-ING72,美元,,2017/10/20,RR3,,2026/09/23,137.0626,-0.55,1.4,1.47,22.11,,3.35,0.03,0.93,137.0626,"4,116百萬",,正常狀態
安聯全球高成長股票基金-AT類股(累積)-美元,TLZK6-DS096,美元,,2020/07/10,RR4,,2026/09/25,12.3931,0.16,11.32,1.47,27.69,,15.79,0.03,1.15,12.3931,327百萬,,正常狀態
聯博 - 全球非投資等級債券基金AT股(月配息)(基金之配息來源可能為本金)(本投資標的於2023/7/1後不提供新契約連結),ALZ60-AB017,美元,,2002/09/26,RR3,,2026/09/25,2.99,-1.43,1.39,1.47,23.59,,4.29,0.02,1.08,2.99,"11,438百萬",,正常狀態
聯博 - 全球非投資等級債券基金AT股(月配權)(基金之配息來源可能為本金)(本投資標的於2023/7/1後不提供新契約連結),ALZ60-AB036,美元,,2002/09/26,RR3,,2026/09/25,2.99,-1.43,1.39,1.47,23.59,,4.29,0.02,1.08,2.99,"11,438百萬",,正常狀態
東方匯理基金策略收益債券 A 南非幣避險 (穩定月配息)(本基金有相當比重投資於非投資等級之高風險債券且配息來源可能為本金)*,PIZC5-PIN25,南非幣,,2014/11/03,RR2,,2026/09/25,315.35,-2.75,-0.72,1.45,26.2,,4.88,0.02,1.09,315.35,"2,134百萬",,正常狀態
聯博 - 全球非投資等級債券基金AT股(月配息)-澳幣避險(基金之配息來源可能為本金)(本投資標的於2023/7/1後不提供新契約連結),ALZV1-AB030,澳幣,,2010/06/08,RR3,,2026/09/25,9.79,-1.32,1.58,1.45,20.9,,3.93,0.02,0.98,9.79,"11,438百萬",,正常狀態
聯博 - 全球非投資等級債券基金AT股(月配權)-澳幣避險(基金之配息來源可能為本金)(本投資標的於2023/7/1後不提供新契約連結),ALZV1-AB038,澳幣,,2010/06/08,RR3,,2026/09/25,9.79,-1.32,1.58,1.45,20.9,,3.93,0.02,0.98,9.79,"11,438百萬",,正常狀態
安盛環球基金-美國非投資等級債券基金T(月配息)-美元(本基金主要投資於符合美國Rule 144A規定之私募性質債券且配息來源可能為本金)(本投資標的於2023/7/1後不提供新契約連結),AXA19-AX001,美元,,2013/01/18,RR3,,2026/09/23,77.8,-0.44,1.57,1.44,22.27,,3.01,0.02,0.84,77.8,"2,609百萬",,正常狀態
聯博 - 全球非投資等級債券基金AA股(穩定月配息)(基金之配息來源可能為本金)(本投資標的於2023/7/1後不提供新契約連結)*,ALB58-AB047,美元,,2014/01/09,RR3,,2026/09/25,7.19,-1.41,1.34,1.44,23.66,,4.03,0.02,1.02,7.19,"11,438百萬",,正常狀態
聯博 - 全球非投資等級債券基金AA股 穩定月配(月配權)(基金之配息來源可能為本金)(本投資標的於2023/7/1後不提供新契約連結)*,ALB58-AB075,美元,,2014/01/09,RR3,,2026/09/25,7.19,-1.41,1.34,1.44,23.66,,4.03,0.02,1.02,7.19,"11,438百萬",,正常狀態
新加坡大華全球金融基金 (美元),UOB14-UOB03,美元,,1996/07/12,RR4,,2026/09/23,3.0168,2.93,13.63,1.43,60.47,,20.01,0.03,1.35,3.0168,14百萬,,已下架但可原定期(不)定額
PIMCO多元收益債券基金M級(月收息強化)(月配息)-美元(本基金有相當比重投資於非投資等級之高風險債券且配息來源可能為本金)*,PIM51-DS061,美元,,2013/12/23,RR3,,2026/09/25,7.7,-2.65,0.06,1.39,22.5,,4.94,0.02,1.06,7.7,"9,400百萬",,正常狀態
法巴水資源基金 C (美元),FLFH2-PV041,美元,,2015/07/03,RR4,,2026/09/23,266.55,-2.75,3.69,1.38,31.2,,17.88,0.03,0.33,266.55,"2,924百萬",,正常狀態
聯博 - 全球非投資等級債券基金A2股(基金之配息來源可能為本金)(本投資標的於2023/7/1後不提供新契約連結),ALZ45-AB006,美元,,2002/03/14,RR3,,2026/09/25,19.85,-1.44,1.28,1.38,23.68,,3.94,0.02,0.99,19.85,"11,438百萬",,正常狀態
東方匯理基金環球非投資等級債券 A 澳幣避險 (穩定月配息)(本基金主要投資於符合美國RULE 144A規定之私募性質債券且配息來源可能為本金)(本投資標的於2023/7/1後不提供新契約連結)*,PIZC0-PIN14,澳幣,,2014/09/30,RR3,,2026/09/25,14.72,-1.02,1,1.33,22.29,,4.4,0.01,1.08,14.72,178百萬,,已下架但可原定期(不)定額
安聯多元信用債券基金-AMg穩定月收總收益類股(穩定月配息)-美元(本基金有相當比重投資於非投資等級之高風險債券且配息來源可能為本金)*,TLZD7-DS076,美元,,2018/08/01,RR3,,2026/09/25,8.3536,-0.79,0.87,1.33,17.58,,2.75,0.01,0.52,8.3536,742百萬,,正常狀態
安本-歐元非投資等級債券基金A股(月配息)-歐元(本投資標的於2023/7/1後不提供新契約連結)*,ANZ52-ABG08,歐元,,2000/11/13,RR3,,2026/09/25,5.2995,-1.1,2.08,1.32,17.7,,3.63,0.01,0.84,5.2995,322百萬,,正常狀態
東方匯理基金策略收益債券A(累積)-歐元(本基金有相當比重投資於非投資等級之高風險債券且配息來源可能為本金)*,PIZ42-PIN30,歐元,,2003/04/01,RR2,,2026/09/25,11.59,-3.58,-0.52,1.31,8.22,,4.81,0.01,0.58,11.59,"2,134百萬",,正常狀態
聯博 - 短期債券基金AT股(月配息)-澳幣避險(基金之配息來源可能為本金),ALZZ3-AB031,澳幣,,2010/10/06,RR2,,2026/09/25,10.99,-0.57,0.75,1.29,9.12,,1.88,0.01,0.4,10.99,413百萬,,正常狀態
聯博 - 短期債券基金AT股(月配權)-澳幣避險(基金之配息來源可能為本金),ALZZ3-AB039,澳幣,,2010/10/06,RR2,,2026/09/25,10.99,-0.57,0.75,1.29,9.12,,1.88,0.01,0.4,10.99,413百萬,,正常狀態
PIMCO多元收益債券基金-E級類別(累積)-美元(本基金有相當比重投資於非投資等級之高風險債券且配息來源可能為本金),PIK11-DS098,美元,,2006/09/11,RR3,,2026/09/25,25.2,-2.7,0,1.29,22.45,,4.95,0.01,1.06,25.2,"9,400百萬",,正常狀態
高盛基金III - 高盛環球非投資等級債券基金X股對沖級別澳幣(月配息)(本基金之配息來源可能為本金且本基金主要投資於符合美國Rule 144A規定之私募性質債券)(本投資標的於2023/7/1後不提供新契約連結)*,ANZC9-ING18,澳幣,,2012/08/22,RR3,,2026/09/23,94.33,-0.48,1.68,1.28,18.08,,3.12,0.01,0.87,94.33,"1,426百萬",,正常狀態
高盛基金III - 高盛環球非投資等級債券基金X股對沖級別澳幣(月配權)(本基金之配息來源可能為本金且本基金主要投資於符合美國Rule 144A規定之私募性質債券)(本投資標的於2023/7/1後不提供新契約連結)*,ANZC9-ING23,澳幣,,2012/08/22,RR3,,2026/09/23,94.33,-0.48,1.68,1.28,18.08,,3.12,0.01,0.87,94.33,"1,426百萬",,正常狀態
Pimco多元收益債券基金E股(本基金有相當比重投資於非投資等級之高風險債券且配息來源可能為本金),PIM28-DS034,美元,,2006/07/31,RR3,,2026/09/25,11.98,-2.67,-0.03,1.25,22.44,,4.85,0.01,1.04,11.98,"9,400百萬",,正常狀態
聯博 - 短期債券基金AA股(穩定月配息)(基金之配息來源可能為本金)*,ALB66-AB048,美元,,2014/01/09,RR2,,2026/09/25,10.18,-0.7,0.43,1.25,10.95,,1.83,0.01,0.39,10.18,413百萬,,正常狀態
聯博-全球非投資等級債券基金AA股(穩定月配)(月配息)-英鎊避險(基金之配息來源可能為本金)(本投資標的於2023/7/1後不提供新契約連結)*,ALBG1-AB090,英鎊,,2014/05/19,RR3,,2026/09/25,6.67,-1.43,1.21,1.25,22.61,,3.87,0.01,0.97,6.67,"11,438百萬",,正常狀態
PIMCO多元收益債券基金-M級類別(穩定月配息)-美元(本基金有相當比重投資於非投資等級之高風險債券且配息來源可能為本金)*,PIM91-DS124,美元,,2023/12/19,RR3,,2026/09/25,8.92,-2.72,-0.07,1.25,N/A,,4.98,0.01,1.07,8.92,"9,400百萬",,正常狀態
東方匯理基金環球非投資等級債券 A 美元 (穩定月配息)(本基金主要投資於符合美國RULE 144A規定之私募性質債券且配息來源可能為本金)(本投資標的於2023/7/1後不提供新契約連結)*,PIZN5-PIN22,美元,,2017/06/06,RR3,,2026/09/25,19.73,-1.15,0.77,1.25,24.36,,4.36,0.01,1.08,19.73,178百萬,,已下架但可原定期(不)定額
摩根JPM環球債券收益基金A股(月配息)-美元(本基金有相當比重投資於非投資等級之高風險債券且配息來源可能為本金)*,JFZL4-JF108,美元,,2014/12/19,RR3,,2026/09/24,7.45,-0.92,0.34,1.25,17.76,,2.39,0.005,0.49,7.45,"14,597百萬",,正常狀態
東方匯理基金環球非投資等級債券 A 美元 (月配息)(本基金主要投資於符合美國RULE 144A規定之私募性質債券且配息來源可能為本金)(本投資標的於2023/7/1後不提供新契約連結)*,PIZ78-PIN02,美元,,2007/03/01,RR3,,2026/09/25,30,-1.14,0.81,1.24,24.34,,4.36,0.01,1.07,30,178百萬,,已下架但可原定期(不)定額
摩根JPM環球債券收益基金A股(累計)-美元(本基金有相當比重投資於非投資等級之高風險債券)*,JFZL3-JF107,美元,,2014/06/02,RR3,,2026/09/24,145.19,-0.89,0.37,1.23,17.78,,2.36,0.003,0.47,145.19,"14,597百萬",,正常狀態
東方匯理基金環球非投資等級債券 A 美元(本基金主要投資於符合美國RULE 144A規定之私募性質債券且配息來源可能為本金)(本投資標的於2023/7/1後不提供新契約連結),PIZ80-PIN03,美元,,2004/06/18,RR3,,2026/09/25,156.56,-1.16,0.79,1.22,24.3,,4.38,0.01,1.08,156.56,178百萬,,已下架但可原定期(不)定額
聯博 - 短期債券基金A2股(基金之配息來源可能為本金),ALZ40-AB009,美元,,1999/05/12,RR2,,2026/09/25,20.01,-0.69,0.45,1.21,10.92,,1.83,-0.0004,0.39,20.01,413百萬,,正常狀態
聯博 - 短期債券基金AT股(月配息)(基金之配息來源可能為本金),ALZ58-AB016,美元,,2002/09/26,RR2,,2026/09/25,7.12,-0.71,0.53,1.21,10.98,,2.03,-0.001,0.43,7.12,413百萬,,正常狀態
法巴全球非投資等級債券基金 C (歐元)(本基金主要投資於符合美國Rule 144A規定之私募性質債券，基金之配息來源可能為本金)(本投資標的於2023/7/1後不提供新契約連結),FLF60-ABN19,歐元,,2001/01/31,RR3,,2026/09/23,117.89,0.03,1.73,1.19,18.94,,2.74,-0.0004,0.75,117.89,63百萬,,正常狀態
高盛基金III - 高盛環球非投資等級債券基金X股對沖級別美元(月配息)(本基金之配息來源可能為本金且本基金主要投資於符合美國Rule 144A規定之私募性質債券)(本投資標的於2023/7/1後不提供新契約連結)*,ANZH5-ING55,美元,,2014/11/18,RR3,,2026/09/23,100.36,-0.66,1.43,1.13,19.99,,3.15,-0.01,0.87,100.36,"1,426百萬",,正常狀態
M＆G收益優化基金A(月配息)F2-南非幣避險(本基金配息來源可能為本金)*,MMG63-PCA70,南非幣,,2021/09/23,RR3,,2026/09/23,101.69,-3.1,-0.03,1.11,22.97,,5.2,0.0004,1.44,101.69,"7,460百萬",,正常狀態
PIMCO全球非投資等級債券基金M股(月配息)(基金之配息來源可能為本金)(本投資標的於2023/7/1後不提供新契約連結),PIM43-DS041,美元,,2010/11/30,RR3,,2026/09/25,10.19,-1.16,0.47,1.09,21.31,,3.59,-0.01,0.92,10.19,"2,600百萬",,正常狀態
施羅德環球基金系列-環球非投資等級債券A1股-月配息(美元)(基金之配息來源可能為本金且本基金主要投資於符合美國Rule144A規定之私募性質債券)(本投資標的於2023/7/1後不提供新契約連結)*,PYZI3-SD033,美元,,2009/03/27,RR3,,2026/09/24,17.665,-1.46,0.99,1.08,23.12,,3.81,-0.01,0.95,17.665,"2,439百萬",,正常狀態
貝萊德亞洲老虎債券基金A8股澳幣避險(月配息)(基金有相當比重投資於非投資等級之高風險債券且配息來源可能為本金)*,SHZO1-ML053,澳幣,,2013/02/20,RR3,,2026/09/25,7.87,-1.33,0.33,1.04,20.65,,3.83,-0.01,0.8,7.87,"2,067百萬",,正常狀態
高盛基金III - 高盛亞洲債券基金X股美元(月配權)(本基金有相當比重投資於非投資等級之高風險債券且配息來源可能為本金)*,ANZ95-ING26,美元,,2010/10/01,RR3,,2026/09/23,54.28,-0.67,1.02,1.04,19.09,,3.45,-0.01,0.88,54.28,152百萬,,正常狀態
高盛基金III - 高盛亞洲債券基金X股美元(月配息)(本基金有相當比重投資於非投資等級之高風險債券且配息來源可能為本金)*,ANZ95-ING37,美元,,2010/10/01,RR3,,2026/09/23,54.28,-0.67,1.02,1.04,19.09,,3.45,-0.01,0.88,54.28,152百萬,,正常狀態
匯豐環球投資基金-環球高入息債券基金AM3H股澳幣計價(月配息)(本基金有相當比重投資於非投資等級之高風險債券且配息來源可能為本金，並無保證收益及配息)(本投資標的於2023/7/1後不提供新契約連結)*,HSZ35-HSB13,澳幣,,2012/09/05,RR3,,2026/09/23,7.014,-1.23,1.04,1.03,18.01,,3.73,-0.01,0.98,7.014,624百萬,,正常狀態
晉達環球特許品牌基金C股(月配息)-南非幣避險(基金之配息來源可能為本金)*,GSF73-IV017,南非幣,,2013/12/20,RR3,,2026/09/23,365.9,4.38,5.58,1.01,36.94,,15.48,0.02,0.69,365.9,"8,800百萬",,正常狀態
高盛基金III - 高盛亞洲債券基金X股對沖級別澳幣(月配息)(本基金有相當比重投資於非投資等級之高風險債券且配息來源可能為本金)*,ANZC7-ING19,澳幣,,2012/08/22,RR3,,2026/09/23,123.76,-0.51,1.26,1,16.97,,3.45,-0.02,0.87,123.76,152百萬,,正常狀態
高盛基金III - 高盛亞洲債券基金X股對沖級別澳幣(月配權)(本基金有相當比重投資於非投資等級之高風險債券且配息來源可能為本金)*,ANZC7-ING24,澳幣,,2012/08/22,RR3,,2026/09/23,123.76,-0.51,1.26,1,16.97,,3.45,-0.02,0.87,123.76,152百萬,,正常狀態
路博邁非投資等級債券基金-T 美元(月配息)(本基金配息來源可能為本金且主要投資於符合美國 Rule144A 規定之私募性質債券)(本投資標的於2023/7/1後不提供新契約連結),NBT14-NB005,美元,,2012/10/31,RR3,,2026/09/25,5.37,-1.25,0.44,0.98,20.58,,3.55,-0.02,0.91,5.37,"1,655百萬",,正常狀態
景順環球非投資等級債券基金(月配息)(本基金主要投資於符合美國Rule 144A 規定之私募性質債券，且基金之配息來源可能為本金，本基金非屬環境、社會、治理相關主題基金)(本投資標的於2023/7/1後不提供新契約連結),CTZ37-IVC02,美元,,2004/07/30,RR3,,2026/09/25,9.62,-1.7,0.54,0.98,20.91,,3.6,-0.02,0.92,9.62,143百萬,,正常狀態
貝萊德亞洲老虎債券基金A2股(基金有相當比重投資於非投資等級之高風險債券),SHZG2-ML034,美元,,1996/02/02,RR3,,2026/09/25,44.55,-1.39,0.13,0.93,23.07,,3.9,-0.02,0.81,44.55,"2,067百萬",,正常狀態
路博邁非投資等級債券基金-T 澳幣(月配息)(本基金配息來源可能為本金且主要投資於符合美國 Rule144A 規定之私募性質債券)(本投資標的於2023/7/1後不提供新契約連結),NBT66-NB001,澳幣,,2013/06/27,RR3,,2026/09/25,5,-1.12,0.7,0.92,18.38,,3.59,-0.02,0.93,5,"1,655百萬",,正常狀態
瀚亞投資- 亞洲債券基金Adm(月配息)(本基金有相當比重投資於非投資等級之高風險債券且配息來源可能為本金)*,IOF17-PCA16,美元,,2009/06/01,RR3,,2026/09/25,7.181,-1.77,0.05,0.92,19.79,,4.03,-0.02,0.87,7.181,"2,390百萬",,正常狀態
先機環球動態債券基金L類收益股(月配息)(美元)(基金之配息來源可能為本金)*,SGF68-SKD06,美元,,2007/01/16,RR2,,2026/09/23,10.5128,-1.41,1.88,0.92,14.92,,5.68,-0.01,1.45,10.5128,260百萬,,已下架但可原定期(不)定額
先機環球動態債券基金L類累積股(美元)(基金之配息來源可能為本金)*,SGF31-SKD05,美元,,2002/04/17,RR2,,2026/09/23,28.0111,-1.41,1.88,0.92,14.91,,5.68,-0.01,1.45,28.0111,260百萬,,已下架但可原定期(不)定額
PIMCO多元收益債券基金M股(月配息)(本基金有相當比重投資於非投資等級之高風險債券且配息來源可能為本金),PIM41-DS039,美元,,2010/11/30,RR3,,2026/09/25,10.16,-2.68,-0.35,0.91,22.05,,4.9,-0.01,1.04,10.16,"9,400百萬",,正常狀態
PIMCO多元收益債券基金M股(月配權)(本基金有相當比重投資於非投資等級之高風險債券且配息來源可能為本金),PIM41-DS043,美元,,2010/11/30,RR3,,2026/09/25,10.16,-2.68,-0.35,0.91,22.05,,4.9,-0.01,1.04,10.16,"9,400百萬",,正常狀態
貝萊德亞洲老虎債券基金 A6 美元(月配息)(基金有相當比重投資於非投資等級之高風險債券且配息來源可能為本金)*,SHZN1-ML045,美元,,2012/04/02,RR3,,2026/09/25,8.11,-1.37,0.15,0.89,23.03,,3.89,-0.02,0.8,8.11,"2,067百萬",,正常狀態
PIMCO多元收益債券基金M級(月配息)-澳幣避險(本基金有相當比重投資於非投資等級之高風險債券且配息來源可能為本金),PIM45-DS060,澳幣,,2012/12/19,RR3,,2026/09/25,9.07,-2.62,-0.31,0.79,19.58,,4.81,-0.02,1.03,9.07,"9,400百萬",,正常狀態
PIMCO美國非投資等級債券基金-M級類別(月配息)-美元(本基金主要投資於符合美國Rule 144A規定之私募性質債券)(本投資標的於2023/7/1後不提供新契約連結),PIM44-DS099,美元,,2012/01/11,RR3,,2026/09/25,9.52,-1.34,-0.16,0.63,21.74,,3.57,-0.04,0.9,9.52,"1,500百萬",,正常狀態
富達全球優質債券基金A股C(月配息)-美元(本基金有相當比重投資於非投資等級之高風險債券且配息來源可能為本金)*,FTZX0-FD064,美元,,2020/04/22,RR2,,2026/09/25,7.835,-2.25,0.12,0.57,20.53,,4.29,-0.04,0.87,7.835,"4,219百萬",,正常狀態
富達基金 - 全球優質債券基金A股(月配息)-美元避險(本基金有相當比重投資於非投資等級之高風險債券且配息來源可能為本金)*,FTZW8-FD058,美元,,2014/01/10,RR2,,2026/09/25,8.122,-2.25,0.12,0.55,20.53,,4.29,-0.04,0.87,8.122,"4,219百萬",,正常狀態
利安資金越南基金A級別(美元),LIC28-LI002,美元,,2007/02/02,RR5,,2026/09/23,0.832,-3.48,9.91,0.48,21.28,,26.61,0.03,0.94,0.832,135百萬,,正常狀態
富蘭克林坦伯頓全球投資系列-歐洲非投資等級債券基金(acc股)(本基金之配息來源可能為本金)(本投資標的於2023/7/1後不提供新契約連結)*,FLZA6-FL020,歐元,,2001/07/02,RR3,,2026/09/25,22.93,-1.25,1.06,0.44,17.53,,3.17,-0.07,0.75,22.93,288百萬,,正常狀態
聯博 - 永續主題基金A股(基金之配息來源可能為本金),ALH13-AB024,美元,,1996/08/01,RR4,,2026/09/25,44.84,-0.02,11.18,0.43,24.24,,13.37,0.0003,0.99,44.84,"1,150百萬",,正常狀態
富蘭克林坦伯頓全球投資系列-歐洲非投資等級債券基金(Y dis股)(本基金之配息來源可能為本金)(本投資標的於2023/7/1後不提供新契約連結)*,FLZ77-FL019,歐元,,2000/04/17,RR3,,2026/09/25,4.95,-1.11,1.18,0.41,17.63,,3.27,-0.07,0.76,4.95,288百萬,,正常狀態
瀚亞投資- 美國非投資等級債券基金Andmc1紐幣避險(穩定月配息)(本基金配息來源可能為本金且主要投資於符合美國Rule 144A規定之私募性質債券)(本投資標的於2023/7/1後不提供新契約連結)*,IOF66-PCA27,紐幣,,2013/12/09,RR3,,2026/09/25,5.281,-1.08,0.72,0.34,19.92,,3.11,-0.08,0.79,5.281,364百萬,,已下架但可原定期(不)定額
富蘭克林坦伯頓全球投資系列-歐洲非投資等級債券基金(Dis股)-月配息(本基金之配息來源可能為本金)(本投資標的於2023/7/1後不提供新契約連結)*,FLZ91-FL029,歐元,,2007/07/12,RR3,,2026/09/25,4.94,-1.22,1.1,0.33,17.59,,3.21,-0.08,0.77,4.94,288百萬,,正常狀態
Pimco短年期債券基金E股,PIM34-DS035,美元,,2007/09/21,RR2,,2026/09/25,13.53,-1.1,-0.44,0.3,10.81,,2.2,-0.12,12.78,13.53,513百萬,,正常狀態
法巴永續亞洲城市債券基金-月配RH (澳幣)(本基金有相當比重投資於非投資等級之高風險債券，基金之配息來源可能為本金)(本投資標的於2023/7/1後不提供新契約連結),FLF92-PV031,澳幣,,2013/02/18,RR3,,2026/09/23,55.19,-1.09,0.05,0.21,12.03,,2.59,-0.11,0.72,55.19,32百萬,,已下架但不可繼續定期(不)定額
東方匯理基金美元綜合債券 A2南非幣避險 (穩定月配息)(基金之配息來源可能為本金)*,PIZM2-PIN27,南非幣,,2017/06/07,RR2,,2026/09/25,488.37,-3.32,-1.68,0.19,21.69,,5.01,-0.05,1.13,488.37,"2,019百萬",,正常狀態
貝萊德環球非投資等級債券基金Hedged A2股(本投資標的於2023/7/1後不提供新契約連結),SHZ38-ML035,歐元,,2003/05/16,RR3,,2026/09/25,19.11,-1.34,0.68,0.16,17.82,,3.48,-0.08,0.89,19.11,"1,968百萬",,正常狀態
摩根JPM環球非投資等級債券基金A(累積)-歐元對沖(本基金主要投資於符合美國Rule 144A規定之私募性質債券)(本投資標的於2023/7/1後不提供新契約連結),JFZ85-JF110,歐元,,2000/03/24,RR3,,2026/09/24,267.14,-1.32,0.41,0.15,18.92,,2.99,-0.1,0.77,267.14,"5,389百萬",,正常狀態
瀚亞投資- 優質公司債基金Azdmc1南非幣避險(穩定月配息)(本基金配息來源可能為本金)*,IOF41-PCA19,南非幣,,2013/04/02,RR2,,2026/09/25,10.213,-3.24,-1.3,0.14,20.94,,4.53,-0.06,1.01,10.213,"2,844百萬",,正常狀態
富蘭克林坦伯頓全球投資系列-精選收益基金(Dis股)-月配息(本基金有相當比重投資於非投資等級之高風險債券且基金之配息來源可能為本金)*,FLZB5-FL037,美元,,2007/07/12,RR2,,2026/09/25,7.64,-1.96,-0.62,0.14,15.35,,3.58,-0.08,0.77,7.64,540百萬,,正常狀態
安聯國際債券基金,TLZ03-DS015,歐元,,1969/02/17,RR2,,2026/09/23,39.62,-1.25,0.05,0.07,1.76,,3.64,-0.09,0.61,39.62,260百萬,,已下架但可原定期(不)定額
法巴永續亞洲城市債券基金-月配 (美元)(本基金有相當比重投資於非投資等級之高風險債券，基金之配息來源可能為本金)(本投資標的於2023/7/1後不提供新契約連結),FLF72-ABN42,美元,,2010/11/26,RR3,,2026/09/23,58.04,-1.29,-0.28,0.04,14.15,,2.6,-0.13,0.73,58.04,32百萬,,已下架但不可繼續定期(不)定額
法巴永續亞洲城市債券基金 C (美元)(本基金有相當比重投資於非投資等級之高風險債券)(本投資標的於2023/7/1後不提供新契約連結),FLF58-ABN18,美元,,2013/05/17,RR3,,2026/09/23,163.07,-1.28,-0.28,0.03,14.13,,2.6,-0.13,0.73,163.07,32百萬,,已下架但不可繼續定期(不)定額
富蘭克林坦伯頓全球投資系列-亞洲債券基金(acc股)(本基金之配息來源可能為本金)(本投資標的於2023/7/1後不提供新契約連結)*,FLZA8-FL018,美元,,2005/10/25,RR3,,2026/09/25,16.25,3.44,2.07,0,6.28,,7.2,-0.04,0.9,16.25,64百萬,,正常狀態
富蘭克林坦伯頓全球投資系列-亞洲債券基金(Dis股)-月配息(本基金之配息來源可能為本金)(本投資標的於2023/7/1後不提供新契約連結)*,FLZ78-FL030,美元,,2005/10/25,RR3,,2026/09/25,7.04,3.5,2.07,-0.02,6.23,,7.13,-0.04,0.86,7.04,64百萬,,正常狀態
聯博 - 美國收益基金AA股(穩定月配息)-南非幣避險(本基金有相當比重投資於非投資等級之高風險債券且配息來源可能為本金)*,ALBB9-AB058,南非幣,,2014/03/13,RR3,,2026/09/25,55.77,-3.19,-1.02,-0.09,23.56,,5.38,-0.06,1.17,55.77,"18,657百萬",,正常狀態
聯博 - 美國收益基金AA股 穩定月配(月配權)-南非幣避險(本基金有相當比重投資於非投資等級之高風險債券且配息來源可能為本金)*,ALBB9-AB080,南非幣,,2014/03/13,RR3,,2026/09/25,55.77,-3.19,-1.02,-0.09,23.56,,5.38,-0.06,1.17,55.77,"18,657百萬",,正常狀態
富達基金 - 歐洲非投資等級債券基金 - A - 月配息(本投資標的於2023/7/1後不提供新契約連結),FTZ70-FD038,歐元,,2003/06/09,RR3,,2026/09/25,10.04,-1.58,0.96,-0.14,18.39,,3.87,-0.1,0.92,10.04,"2,903百萬",,正常狀態
富達基金 - 歐洲非投資等級債券基金 - A(本投資標的於2023/7/1後不提供新契約連結),FTZ69-FD032,歐元,,2000/06/26,RR3,,2026/09/25,8.7,-1.57,0.91,-0.17,18.39,,3.8,-0.1,0.89,8.7,"2,903百萬",,正常狀態
安盛環球基金-歐洲房地產基金A-美元避險(本基金之配息來源可能為本金),AXA20-AX002,美元,,2014/03/17,RR4,,2026/09/23,164.83,-4.63,0.42,-0.18,15.31,,21.93,0.01,1.33,164.83,359百萬,,正常狀態
高盛基金III - 高盛投資級公司債基金X股對沖級別南非幣(月配息)(本基金之配息來源可能為本金)*,ANZN0-ING84,南非幣,,2019/10/08,RR2,,2026/09/23,2768.02,-2.28,-0.61,-0.21,21.71,,4.19,-0.09,1.18,2768.02,"3,227百萬",,已下架但可原定期(不)定額
聯博 - 歐洲收益基金AA股(穩定月配息)-澳幣避險(本基金有相當比重投資於非投資等級之高風險債券且配息來源可能為本金)*,ALB76-AB055,澳幣,,2014/01/14,RR3,,2026/09/25,9.29,-3.38,-0.43,-0.23,15.56,,4.64,-0.08,0.96,9.29,"1,061百萬",,正常狀態
聯博 - 全球非投資等級債券基金AT股(月配息)-紐幣避險(基金之配息來源可能為本金)(本投資標的於2023/7/1後不提供新契約連結),ALB13-AB045,紐幣,,2012/09/28,RR3,,2026/09/25,9.03,-1.79,0.51,-0.25,20.12,,3.96,-0.1,0.99,9.03,"11,438百萬",,正常狀態
美盛西方資產全球多重策略基金-A股累積(本基金有相當比重投資於非投資等級之高風險債券且基金之配息來源可能為本金),WEA09-LM001,美元,,2007/05/09,RR3,,2026/09/25,178.21,-2.34,-0.83,-0.26,15.19,,4.01,-0.1,0.84,178.21,218百萬,,正常狀態
高盛基金III - 高盛環球非投資等級債券基金X股美元(月配息)(本基金之配息來源可能為本金且本基金主要投資於符合美國Rule 144A規定之私募性質債券)(本投資標的於2023/7/1後不提供新契約連結)*,ANZ89-ING14,美元,,2010/07/09,RR3,,2026/09/23,36.7,-0.67,0.76,-0.28,21.03,,4.47,-0.09,1.24,36.7,"1,426百萬",,正常狀態
高盛基金III - 高盛環球非投資等級債券基金X股美元(月配權)(本基金之配息來源可能為本金且本基金主要投資於符合美國Rule 144A規定之私募性質債券)(本投資標的於2023/7/1後不提供新契約連結)*,ANZ89-ING20,美元,,2010/07/09,RR3,,2026/09/23,36.7,-0.67,0.76,-0.28,21.03,,4.47,-0.09,1.24,36.7,"1,426百萬",,正常狀態
聯博-全球非投資等級債券基金AT股(月配息)-加幣避險(基金之配息來源可能為本金)(本投資標的於2023/7/1後不提供新契約連結)*,ALB24-AB098,加幣,,2011/04/15,RR3,,2026/09/25,9.02,-1.8,0.49,-0.3,18.67,,3.98,-0.11,1,9.02,"11,438百萬",,正常狀態
聯博 - 歐洲收益基金AA股(穩定月配息)-美元避險(本基金有相當比重投資於非投資等級之高風險債券且配息來源可能為本金)*,ALB75-AB050,美元,,2014/01/14,RR3,,2026/09/25,9.77,-3.51,-0.75,-0.33,17.91,,4.62,-0.09,0.95,9.77,"1,061百萬",,正常狀態
施羅德環球基金系列-環球收息債券A-固定月配息(美元)(本基金有相當比重投資於非投資等級之高風險債券且基金之配息來源可能為本金)*,PYZR2-SD070,美元,,2016/11/30,RR2,,2026/09/24,82.5333,-2.52,-0.25,-0.43,20.3,,4.18,-0.11,0.9,82.5333,"8,355百萬",,正常狀態
法巴新興市場精選債券基金 RH (歐元)(本基金主要係投資於非投資等級之高風險債券，基金之配息來源可能為本金)(本投資標的於2023/7/1後不提供新契約連結),FLF55-ABN23,歐元,,2008/06/26,RR3,,2026/09/23,64.88,-2.9,2.13,-0.51,20.84,,11.12,-0.03,2.75,64.88,305百萬,,正常狀態
PIMCO全球實質回報債券基金-E級類別(累積)-美元,PIK19-DS106,美元,,2006/03/31,RR2,,2026/09/25,19.81,-3.32,-1.78,-0.55,8.25,,4.84,-0.1,1.01,19.81,"2,300百萬",,正常狀態
晉達新興市場公司債券基金C收益-2股(月配息)(本基金有相當比重投資於非投資等級之高風險債券且基金之配息來源可能為本金)(本投資標的於2023/7/1後不提供新契約連結)*,GSF63-IV026,美元,,2012/04/26,RR3,,2026/09/23,12.69,-1.3,1.74,-0.6,19.54,,4.82,-0.1,0.97,12.69,"1,200百萬",,正常狀態
安聯歐洲債券基金,TLZ09-DS014,歐元,,1988/06/20,RR2,,2026/09/23,48,-1.88,-0.04,-0.7,6.99,,3.51,-0.15,0.92,48,264百萬,,已下架但可原定期(不)定額
高盛基金III - 高盛環球非投資等級債券基金X股對沖級別歐元(月配息)(本基金之配息來源可能為本金且本基金主要投資於符合美國Rule 144A規定之私募性質債券)(本投資標的於2023/7/1後不提供新契約連結)*,ANZ79-ING01,歐元,,2009/10/22,RR3,,2026/09/23,351.84,-1.05,0.54,-0.7,13.66,,3.13,-0.17,0.87,351.84,"1,426百萬",,正常狀態
施羅德環球收息債券基金A(穩定月配息)-美元(本基金有相當比重投資於非投資等級之高風險債券且基金之配息來源可能為本金)*,PYZA63-SD101,美元,,2024/09/18,RR2,,2026/09/24,87.6014,-2.82,-0.56,-0.74,N/A,,4.35,-0.12,0.1,87.6014,"8,355百萬",,正常狀態
晉達新興市場公司債券基金C收益-2股(月配息)-澳幣避險(本基金有相當比重投資於非投資等級之高風險債券且基金之配息來源可能為本金)(本投資標的於2023/7/1後不提供新契約連結)*,GSF78-IV027,澳幣,,2014/06/27,RR3,,2026/09/23,11.03,-1.15,1.85,-0.82,16.3,,4.74,-0.12,0.94,11.03,"1,200百萬",,正常狀態
晉達環球特許品牌基金C股(月配息)(基金之配息來源可能為本金)*,GSF74-IV016,美元,,2013/12/20,RR3,,2026/09/23,39.63,3.82,4.54,-0.89,29.15,,15.65,-0.02,0.69,39.63,"8,800百萬",,正常狀態
晉達環球特許品牌基金C股(月配息)-澳幣避險(基金之配息來源可能為本金)*,GSF72-IV018,澳幣,,2013/12/20,RR3,,2026/09/23,33.84,4.04,4.69,-0.95,24.82,,15.51,-0.02,0.69,33.84,"8,800百萬",,正常狀態
M＆G收益優化基金A(月配息)-美元避險 F(本基金配息來源可能為本金)*,MMG58-PCA61,美元,,2020/03/02,RR3,,2026/09/23,80.1949,-3.38,-1.09,-0.99,13.85,,4.84,-0.13,1.35,80.1949,"7,460百萬",,正常狀態
東方匯理基金策略收益債券 A 澳幣避險 (穩定月配息)(本基金有相當比重投資於非投資等級之高風險債券且配息來源可能為本金)*,PIZC4-PIN29,澳幣,,2014/11/03,RR2,,2026/09/25,21.83,-3.28,-1.83,-0.99,14.54,,4.79,-0.13,1.07,21.83,"2,134百萬",,正常狀態
貝萊德環球企業債券基金A8股澳幣避險(月配息)(基金之配息來源可能為本金)*,SHZO4-ML052,澳幣,,2013/02/20,RR2,,2026/09/25,9.29,-3.37,-1.63,-1,12.93,,4.3,-0.14,0.96,9.29,"1,473百萬",,正常狀態
安聯美元非投資等級債券基金-AM股(穩定月配息)-南非幣避險(本基金主要投資於符合美國Rule 144A規定之私募性質債券且配息來源可能為本金)(本投資標的於2023/7/1後不提供新契約連結),TLZD2-DS078,南非幣,,2017/12/18,RR3,,2026/09/25,98.74,-4.37,-2.73,-1.01,25.95,,4.18,-0.15,0.55,98.74,342百萬,,正常狀態
法巴永續高評等企業債券基金(月配息)-美元(基金之配息來源可能為本金),FLFM1-PV045,美元,,2021/10/15,RR2,,2026/09/23,66.54,-2.42,-0.64,-1.03,14.86,,3.84,-0.16,1.05,66.54,296百萬,,正常狀態
路博邁投資基金 - NB策略收益基金A(月配息)-美元(本基金主要係投資於非投資等級之高風險債券且配息來源可能為本金)*,NBTH0-NB022,美元,,2014/10/31,RR3,,2026/09/25,7.64,-3.04,-1.68,-1.04,18.22,,4.8,-0.13,1.05,7.64,"7,598百萬",,正常狀態
東方匯理基金策略收益債券A(累積)-美元(本基金有相當比重投資於非投資等級之高風險債券且配息來源可能為本金)*,PIZ40-PIN31,美元,,2003/04/01,RR2,,2026/09/25,13.22,-3.36,-2,-1.05,16.68,,4.79,-0.13,1.07,13.22,"2,134百萬",,正常狀態
東方匯理基金策略收益債券 A (月配息)(本基金有相當比重投資於非投資等級之高風險債券且配息來源可能為本金)*,PIZ41-PIN04,美元,,2005/08/23,RR2,,2026/09/25,40.8,-3.34,-1.99,-1.05,16.69,,4.77,-0.13,1.06,40.8,"2,134百萬",,正常狀態
東方匯理基金策略收益債券 A (穩定月配息) - 美元(本基金有相當比重投資於非投資等級之高風險債券且配息來源可能為本金)*,PIZO5-PIN24,美元,,2017/06/06,RR2,,2026/09/25,26.31,-3.36,-1.99,-1.06,16.63,,4.8,-0.13,1.07,26.31,"2,134百萬",,正常狀態
PIMCO全球投資級別債券基金E股(基金之配息來源可能為本金),PIM09-DS038,美元,,2008/04/30,RR2,,2026/09/25,12.17,-3.64,-1.34,-1.06,15.16,,5.45,-0.11,1.2,12.17,"7,200百萬",,正常狀態
貝萊德環球企業債券基金 A6 美元(月配息)(基金之配息來源可能為本金)*,SHZN4-ML046,美元,,2012/06/06,RR2,,2026/09/25,9.42,-3.53,-1.92,-1.09,15.17,,4.4,-0.15,0.98,9.42,"1,473百萬",,正常狀態
施羅德環球基金系列 - 亞洲債券 A1股-累積(本基金有相當比重投資於非投資等級之高風險債券且基金之配息來源可能為本金)(本投資標的於2023/7/1後不提供新契約連結),PYZ45-SD002,美元,,2002/05/31,RR3,,2026/09/24,15.3684,-0.82,0.02,-1.1,10.36,,3.11,-0.21,0.63,15.3684,140百萬,,正常狀態
摩根JPM環球企業債券基金累積-美元,JFZ96-JF066,美元,,2009/02/27,RR2,,2026/09/24,20.2,-2.88,-0.88,-1.13,15.76,,4.3,-0.15,0.94,20.2,"6,103百萬",,正常狀態
施羅德環球基金系列-環球企業債券基金A1股-累積,PYZ48-SD024,美元,,2001/08/31,RR2,,2026/09/24,12.0498,-2.67,-0.49,-1.13,15.03,,4.19,-0.16,0.91,12.0498,"2,310百萬",,正常狀態
摩根JPM環球企業債券基金(月配息)(本基金之配息來源可能為本金)*,JFZ97-JF052,美元,,2010/09/03,RR2,,2026/09/24,86.91,-2.92,-0.9,-1.16,15.72,,4.33,-0.15,0.95,86.91,"6,103百萬",,正常狀態
百達-智慧城市-R-美元,PIC26-PIT09,美元,,2010/05/12,RR3,,2026/09/23,224.22,-5.38,4.16,-1.21,25.48,,16.4,-0.02,1.1,224.22,563百萬,,正常狀態
安聯美國收益基金-AMg穩定月收總收益類股(月配息)-美元(本基金有相當比重投資於非投資等級之高風險債券且配息來源可能為本金)*,TLZG9-DS091,美元,,2020/04/15,RR3,,2026/09/25,7.0374,-2.74,-1.54,-1.28,14.03,,3.62,-0.2,0.78,7.0374,348百萬,,正常狀態
聯博-全球靈活收益基金AT級別(月配息)-美元(基金之配息來源可能為本金),ALBJ2-AB107,美元,,2012/02/03,RR2,,2026/09/25,14.93,-2.96,-1.39,-1.34,9.97,,4.25,-0.17,0.95,14.93,"1,096百萬",,正常狀態
貝萊德環球政府債券基金A2股,SHZ24-ML008,美元,,1987/05/14,RR2,,2026/09/25,30.04,-3.03,-1.57,-1.38,9.52,,4.39,-0.17,1.39,30.04,775百萬,,正常狀態
新加坡大華新興市場債券基金(月配息)(本基金主要係投資於非投資等級之高風險債券且配息可能涉及本金)(本投資標的於2023/7/1後不提供新契約連結)*,UOB42-UOB04,美元,,2001/08/20,RR3,,2026/09/23,0.6677,-2.66,-0.82,-1.38,19.07,,4.81,-0.15,1.31,0.6677,52百萬,,正常狀態
PIMCO全球投資級別債券基金M級(月配息)(基金之配息來源可能為本金),PIM47-DS042,美元,,2012/09/28,RR2,,2026/09/25,9.15,-3.68,-1.73,-1.41,14.8,,5.34,-0.14,1.18,9.15,"7,200百萬",,正常狀態
施羅德環球基金系列 - 歐元企業債券 A1股-累積,PYZ60-SD018,歐元,,2003/02/17,RR2,,2026/09/24,21.8198,-2.6,-0.38,-1.45,13.1,,3.86,-0.2,0.8,21.8198,"16,887百萬",,正常狀態
施羅德環球基金系列-亞洲債券基金A1股-月配息(本基金有相當比重投資於非投資等級之高風險債券且基金之配息來源可能為本金)(本投資標的於2023/7/1後不提供新契約連結)*,PYZ56-SD022,美元,,2003/01/03,RR3,,2026/09/24,4.351,-1.28,-0.44,-1.56,9.86,,3.33,-0.24,0.68,4.351,140百萬,,正常狀態
法巴永續優化波動全球股票基金/月配 (美元)(基金之配息來源可能為本金),FLFF8-PV039,美元,,2015/04/16,RR3,,2026/09/23,138.39,4.59,8.19,-1.57,24.11,,11.62,-0.05,0.71,138.39,292百萬,,正常狀態
富蘭克林坦伯頓全球投資系列-美國政府基金(Dis股)-月配息(本基金之配息來源可能為本金)*,FLZ33-FL035,美元,,1991/02/28,RR2,,2026/09/25,6.82,-3.89,-2.91,-1.57,10.36,,5.01,-0.16,1.13,6.82,648百萬,,正常狀態
景順環球高評級企業債券基金E股(穩定月配息)-澳幣對沖(基金之配息來源可能為本金)*,CTZP1-IVC39,澳幣,,2020/03/04,RR2,,2026/09/25,6.6952,-3.08,-1.41,-1.63,13.14,,4.04,-0.2,0.89,6.6952,"1,178百萬",,正常狀態
富達基金 - 澳洲多元股票基金 - A,FTZ14-FD004,澳幣,,1991/12/06,RR4,,2026/09/25,98.2,-0.42,3.51,-1.64,27.55,,15.56,-0.03,1.14,98.2,506百萬,,正常狀態
Pimco總回報債券基金E股,PIM32-DS037,美元,,2005/10/10,RR2,,2026/09/25,11.41,-3.96,-2.32,-1.65,13.78,,5.73,-0.14,1.29,11.41,"4,200百萬",,正常狀態
瀚亞投資- 美國優質債券基金ADM級(月配息)(本基金配息來源可能為本金)*,IOF14-PCA03,美元,,2009/06/01,RR2,,2026/09/25,9.454,-3.64,-2.16,-1.66,14.39,,4.34,-0.19,0.96,9.454,419百萬,,正常狀態
貝萊德美元優質債券基金A2股,SHZ77-ML011,美元,,1989/04/07,RR2,,2026/09/25,34.2,-3.72,-2.4,-1.7,11.18,,4.86,-0.17,1.09,34.2,539百萬,,正常狀態
景順環球高評級企業債券基金E股-美元,CTZO9-IVC37,美元,,2020/03/04,RR2,,2026/09/25,10.0183,-3.21,-1.73,-1.71,15.56,,4.04,-0.2,0.89,10.0183,"1,178百萬",,正常狀態
景順環球高評級企業債券基金E股(穩定月配息)-美元(基金之配息來源可能為本金)*,CTZP0-IVC38,美元,,2020/03/04,RR2,,2026/09/25,6.7218,-3.22,-1.73,-1.72,15.54,,4.05,-0.21,0.89,6.7218,"1,178百萬",,正常狀態
MFS全盛美國政府債券A2(月配息)-美元,MFZA1-MFS04,美元,,1998/10/05,RR2,,2026/09/23,8.5,-2.31,-2.19,-1.83,9.26,,3.45,-0.25,0.98,8.5,251百萬,,正常狀態
摩根JPM美國複合收益基金(美元)-A 股(分派)(本基金之配息來源可能為本金)*,JFZ75-JF025,美元,,2000/09/15,RR2,,2026/09/24,10.75,-2.98,-1.96,-1.87,11.01,,4.22,-0.21,0.96,10.75,"4,270百萬",,正常狀態
施羅德環球基金系列- 美元債券 A1股-累積,PYZ44-SD009,美元,,2002/01/11,RR2,,2026/09/24,21.5176,-2.92,-1.71,-1.88,11.58,,4.5,-0.19,1.02,21.5176,647百萬,,正常狀態
MFS全盛美國政府債券A1-美元,MFZ49-MFS03,美元,,2005/09/26,RR2,,2026/09/23,17.65,-2.38,-2.22,-1.89,9.22,,3.48,-0.25,0.99,17.65,251百萬,,正常狀態
瀚亞投資- 歐洲投資等級債券基金AEDM級(月配息)(本基金配息來源可能為本金)*,IOF16-PCA12,歐元,,2009/06/01,RR2,,2026/09/25,11.323,-2.87,-1.46,-1.94,10.64,,3.4,-0.27,0.71,11.323,130百萬,,正常狀態
摩根JPM美國複合收益基金(美元)-A 股(月配息)(本基金之配息來源可能為本金)*,JFZ93-JF051,美元,,2010/04/06,RR2,,2026/09/24,7.96,-2.99,-2,-1.94,10.96,,4.23,-0.21,0.95,7.96,"4,270百萬",,正常狀態
摩根JPM美國複合收益基金(美元)-A 股(月配權)(本基金之配息來源可能為本金)*,JFZ93-JF061,美元,,2010/04/06,RR2,,2026/09/24,7.96,-2.99,-2,-1.94,10.96,,4.23,-0.21,0.95,7.96,"4,270百萬",,正常狀態
摩根JPM新興市場企業債券基金(美元)-(月配息)(本基金有相當比重投資於非投資等級之高風險債券且配息來源可能為本金)(本投資標的於2023/7/1後不提供新契約連結)*,JFZB3-JF070,美元,,2012/10/17,RR3,,2026/09/23,69.17,-2.09,-1.31,-2.01,18.93,,3.64,-0.25,0.85,69.17,564百萬,,已下架但不可繼續定期(不)定額
聯博 - 歐洲收益基金A2股(本基金有相當比重投資於非投資等級之高風險債券且配息來源可能為本金),ALZ85-AB022,歐元,,1999/02/26,RR3,,2026/09/25,21.73,-3.85,-1.5,-2.16,11.49,,4.64,-0.21,0.96,21.73,"1,061百萬",,正常狀態
法巴全球非投資等級債券基金/月配 (美元)(本基金主要投資於符合美國Rule 144A規定之私募性質債券，基金之配息來源可能為本金)(本投資標的於2023/7/1後不提供新契約連結),FLF74-ABN43,美元,,2010/11/26,RR3,,2026/09/23,45.05,-0.37,0.12,-2.19,27.22,,7.79,-0.12,2,45.05,63百萬,,正常狀態
聯博 - 美國收益基金AA股(穩定月配息)-澳幣避險(本基金有相當比重投資於非投資等級之高風險債券且配息來源可能為本金)*,ALB63-AB052,澳幣,,2014/01/14,RR3,,2026/09/25,8.04,-3.67,-2.01,-2.23,12.28,,5.28,-0.18,1.15,8.04,"18,657百萬",,正常狀態
聯博 - 美國收益基金AA股 穩定月配(月配權)-澳幣避險(本基金有相當比重投資於非投資等級之高風險債券且配息來源可能為本金)*,ALB63-AB079,澳幣,,2014/01/14,RR3,,2026/09/25,8.04,-3.67,-2.01,-2.23,12.28,,5.28,-0.18,1.15,8.04,"18,657百萬",,正常狀態
瀚亞投資- 美國特優級債券基金ADM級(月配息)(本基金配息來源可能為本金)*,IOF13-PCA11,美元,,2009/06/01,RR2,,2026/09/25,9.288,-4.16,-2.62,-2.26,11.25,,4.63,-0.21,1,9.288,226百萬,,正常狀態
瀚亞投資- 優質公司債基金Aadm澳幣避險(月配息)(本基金配息來源可能為本金)*,IOF38-PCA18,澳幣,,2012/06/18,RR2,,2026/09/25,7.62,-3.77,-2.34,-2.26,9.84,,4.46,-0.22,0.99,7.62,"2,844百萬",,正常狀態
瀚亞投資- 亞洲當地貨幣債券基金Azdm南非幣避險(月配息)(本基金有相當比重投資於非投資等級之高風險債券且配息來源可能為本金)*,IOF44-PCA21,南非幣,,2013/04/02,RR3,,2026/09/25,7.998,1.46,0.34,-2.26,19.84,,6.87,-0.14,1,7.998,35百萬,,已下架但可原定期(不)定額
聯博 - 美國收益基金AA股(穩定月配息)(本基金有相當比重投資於非投資等級之高風險債券且配息來源可能為本金)*,ALB62-AB049,美元,,2014/01/09,RR3,,2026/09/25,8.53,-3.8,-2.17,-2.29,14.73,,5.29,-0.19,1.15,8.53,"18,657百萬",,正常狀態
聯博 - 美國收益基金AA股 穩定月配(月配權)(本基金有相當比重投資於非投資等級之高風險債券且配息來源可能為本金)*,ALB62-AB078,美元,,2014/01/09,RR3,,2026/09/25,8.53,-3.8,-2.17,-2.29,14.73,,5.29,-0.19,1.15,8.53,"18,657百萬",,正常狀態
聯博 - 歐洲收益基金AT股(月配息)(本基金有相當比重投資於非投資等級之高風險債券且配息來源可能為本金),ALZ87-AB020,歐元,,2003/10/09,RR3,,2026/09/25,5.54,-3.98,-1.62,-2.32,11.46,,4.68,-0.21,0.96,5.54,"1,061百萬",,正常狀態
聯博 - 美國收益基金AT股(月配息)-澳幣避險(本基金有相當比重投資於非投資等級之高風險債券且配息來源可能為本金),ALZW5-AB027,澳幣,,2010/07/30,RR3,,2026/09/25,9.69,-3.72,-2.05,-2.36,12.22,,5.3,-0.19,1.14,9.69,"18,657百萬",,正常狀態
聯博 - 美國收益基金AT股(月配權)-澳幣避險(本基金有相當比重投資於非投資等級之高風險債券且配息來源可能為本金),ALZW5-AB037,澳幣,,2010/07/30,RR3,,2026/09/25,9.69,-3.72,-2.05,-2.36,12.22,,5.3,-0.19,1.14,9.69,"18,657百萬",,正常狀態
聯博 - 美國收益基金A2股(本基金有相當比重投資於非投資等級之高風險債券且配息來源可能為本金),ALZ10-AB007,美元,,1998/10/26,RR3,,2026/09/25,32.63,-3.83,-2.25,-2.36,14.65,,5.33,-0.19,1.15,32.63,"18,657百萬",,正常狀態
聯博 - 美國收益基金AT股(月配息)(本基金有相當比重投資於非投資等級之高風險債券且配息來源可能為本金),ALZ59-AB018,美元,,2002/09/16,RR3,,2026/09/25,5.97,-3.87,-2.35,-2.41,14.61,,5.31,-0.19,1.15,5.97,"18,657百萬",,正常狀態
聯博 - 美國收益基金AT股(月配權)(本基金有相當比重投資於非投資等級之高風險債券且配息來源可能為本金),ALZ59-AB035,美元,,2002/09/16,RR3,,2026/09/25,5.97,-3.87,-2.35,-2.41,14.61,,5.31,-0.19,1.15,5.97,"18,657百萬",,正常狀態
摩根JPM新興市場企業債券基金(澳幣對沖)-(月配息)(本基金有相當比重投資於非投資等級之高風險債券且配息來源可能為本金)(本投資標的於2023/7/1後不提供新契約連結)*,JFZB4-JF069,澳幣,,2013/07/17,RR3,,2026/09/23,6.98,-2.1,-1.55,-2.41,15.84,,3.65,-0.28,0.85,6.98,564百萬,,已下架但不可繼續定期(不)定額
高盛基金III - 高盛投資級公司債基金X股美元(月配息)(本基金之配息來源可能為本金)*,ANZ91-ING17,美元,,2011/05/02,RR2,,2026/09/23,84.67,-2.93,-1.85,-2.42,13.11,,4.11,-0.25,1.16,84.67,"3,227百萬",,已下架但可原定期(不)定額
東方匯理基金美元綜合債券A2(穩定月配息)-美元(基金之配息來源可能為本金)*,PIZO8-PIN26,美元,,2017/06/07,RR2,,2026/09/25,31.91,-3.94,-3.02,-2.42,12.27,,4.91,-0.21,1.11,31.91,"2,019百萬",,正常狀態
高盛基金III - 高盛投資級公司債基金X股美元(本基金之配息來源可能為本金),ANZ84-ING83,美元,,2011/05/02,RR2,,2026/09/23,1525.7,-2.93,-1.86,-2.43,13.11,,4.11,-0.25,1.16,1525.7,"3,227百萬",,已下架但可原定期(不)定額
高盛基金III - 高盛投資級公司債基金X股對沖級別澳幣(月配息)(本基金之配息來源可能為本金)*,ANZC8-ING21,澳幣,,2012/08/22,RR2,,2026/09/23,192.31,-2.81,-1.65,-2.52,10.83,,4.1,-0.26,1.16,192.31,"3,227百萬",,已下架但可原定期(不)定額
富達基金 - 美元債券基金 - A - 月配息,FTZ71-FD036,美元,,2003/06/09,RR2,,2026/09/25,10.71,-3.78,-3.12,-2.53,9.43,,4.58,-0.23,1.02,10.71,"3,499百萬",,正常狀態
富達全球優質債券基金A股C(月配息)-日圓避險(本基金有相當比重投資於非投資等級之高風險債券且配息來源可能為本金)*,FTZA52-FD065,日圓,,2024/08/28,RR2,,2026/09/25,848,-2.91,-1.39,-2.57,N/A,,4.22,-0.26,0.1,848,"4,219百萬",,正常狀態
富達基金 - 美元債券基金 - A,FTZ33-FD035,美元,,1990/11/12,RR2,,2026/09/25,6.715,-3.79,-3.19,-2.59,7.67,,4.54,-0.24,1.01,6.715,"3,499百萬",,正常狀態
富達基金 - 歐元債券基金 - A,FTZ34-FD031,歐元,,1990/10/01,RR2,,2026/09/25,11.82,-3.58,-3.03,-2.88,7.09,,3.41,-0.35,0.68,11.82,649百萬,,保險公司下架
富達基金 - 全球債券基金 - A,FTZ32-FD033,美元,,1990/10/01,RR2,,2026/09/25,0.997,-2.69,-2.69,-2.88,8.27,,5.11,-0.23,1,0.997,"1,275百萬",,正常狀態
富達基金 - 歐元債券基金 - A - 月配息,FTZ72-FD037,歐元,,2003/06/06,RR2,,2026/09/25,9.932,-3.5,-3,-2.9,7.07,,3.34,-0.36,0.67,9.932,649百萬,,正常狀態
貝萊德印度基金A2股,SHZH8-ML039,美元,,2006/04/28,RR5,,2026/09/25,51.2,2.24,7.93,-3.23,5.52,,16.42,-0.06,0.99,51.2,364百萬,,正常狀態
施羅德環球基金系列 - 歐元政府債券 A1股-累積,PYZ47-SD003,歐元,,2002/05/31,RR2,,2026/09/24,9.2009,-4.59,-2.62,-3.3,3.73,,4.97,-0.26,1.05,9.2009,568百萬,,正常狀態
晉達美國股票基金,GSF01-IV005,美元,,2000/06/30,RR4,,2026/09/23,162.21,4.48,7.59,-3.33,21.48,,17.83,-0.05,1,162.21,109百萬,,正常狀態
安聯美元非投資等級債券基金-AM股(穩定月配息)-美元(本基金主要投資於符合美國Rule 144A規定之私募性質債券且配息來源可能為本金)(本投資標的於2023/7/1後不提供新契約連結),TLH08-DS077,美元,,2010/08/02,RR3,,2026/09/25,5.3202,-5.03,-3.97,-3.36,16.5,,4.21,-0.31,0.55,5.3202,342百萬,,正常狀態
景順歐洲大陸小型企業基金,CTZ30-IVC03,美元,,1993/01/13,RR4,,2026/09/25,431.73,1.24,6.59,-3.55,48.62,,16.69,-0.06,0.89,431.73,188百萬,,正常狀態
百達-水資源-HR 美元,PIC18-PIT02,美元,,2008/10/15,RR3,,2026/09/23,618.5,-2.75,-0.86,-4.23,12.88,,13.88,-0.1,0.49,618.5,"6,872百萬",,正常狀態
瀚亞投資- 亞洲當地貨幣債券基金ADM級(月配息)(本基金有相當比重投資於非投資等級之高風險債券且配息來源可能為本金)*,IOF18-PCA08,美元,,2009/06/01,RR3,,2026/09/25,7.623,0.83,-0.77,-4.42,11.39,,6.83,-0.23,1,7.623,35百萬,,已下架但可原定期(不)定額
瀚亞投資- 亞洲當地貨幣債券基金Aadm澳幣避險(月配息)(本基金有相當比重投資於非投資等級之高風險債券且配息來源可能為本金)*,IOF36-PCA17,澳幣,,2012/06/18,RR3,,2026/09/25,6.251,0.93,-0.71,-4.65,8.67,,6.85,-0.24,0.99,6.251,35百萬,,已下架但可原定期(不)定額
百達-精選品牌-HR-美元,PIC23-PIT07,美元,,2010/11/16,RR4,,2026/09/23,355.6,-5.1,2.79,-4.71,7.66,,14.83,-0.1,0.17,355.6,"1,362百萬",,正常狀態
景順印度債券基金A股 - 美元(本投資標的於2023/7/1後不提供新契約連結),CTZL5-IVC28,美元,,2014/04/23,RR3,,2026/09/23,11.7104,-0.68,0.59,-5.75,-3.51,,7.67,-0.26,1.65,11.7104,195百萬,,已下架但可原定期(不)定額
百達-長壽樂活-R-美元,PIC06-PIT08,美元,,2004/06/30,RR3,,2026/09/23,267.21,14.4,12.68,-6.62,0.34,,20.63,-0.09,0.69,267.21,329百萬,,正常狀態
瑞銀(盧森堡)大中華股票基金,SBH01-UBS015,美元,,1997/01/31,RR5,,2026/09/23,498.96,-2.7,-0.18,-7.3,28.93,,13.12,-0.18,0.79,498.96,603百萬,,正常狀態
施羅德環球基金系列-香港股票基金A1股-累積,PYZ55-SD025,港幣,,2002/08/09,RR4,,2026/09/24,411.876,2.46,0.03,-7.49,17.29,,15.34,-0.15,0.88,411.876,"6,286百萬",,正常狀態
百達-林木資源-R美元,PIC30-PIT03,美元,,2008/09/29,RR4,,2026/09/23,185.19,0.17,0.17,-8.5,-6.71,,20.09,-0.12,-0.01,185.19,386百萬,,正常狀態
先機中國基金L類累積股(美元),SGH01-SKD03,美元,,1998/05/05,RR5,,2026/09/23,63.2785,0.53,3.57,-9.23,40.49,,17.9,-0.15,0.87,63.2785,28百萬,,已下架但可原定期(不)定額
聯博 - 印度成長基金A股,ALZP6-AB019,美元,,2009/06/15,RR5,,2026/09/25,215.48,-3.47,-0.14,-9.63,5.97,,15.96,-0.18,0.97,215.48,105百萬,,正常狀態
柏瑞印度股票基金A,AIZ49-AIG20,美元,,2005/09/12,RR5,,2026/09/23,83.0695,-1.32,5.19,-9.68,8.73,,19.16,-0.15,1.26,83.0695,575百萬,,正常狀態
霸菱香港中國基金A類,PLZ14-BR004,美元,,1982/12/03,RR5,,2026/09/24,1221.65,-1.63,-2.97,-10.41,21.94,,17.32,-0.18,0.7,1221.65,"1,212百萬",,正常狀態
安本-印度股票基金A股-美元,ANH03-ABG09,美元,,2006/03/24,RR5,,2026/09/25,199.0215,-1.67,5.01,-10.47,7.25,,16.95,-0.19,1.02,199.0215,285百萬,,正常狀態
安聯寵物新經濟基金-AT類股(累積)-美元,TLZK8-DS097,美元,,2021/06/15,RR3,,2026/09/25,6.6356,0.45,-4.77,-10.78,-8.42,,17.15,-0.19,0.81,6.6356,115百萬,,正常狀態
富達基金 - 印度聚焦基金 - A,FTZA8-FD015,美元,,2004/08/23,RR5,,2026/09/25,73.01,-1.64,3.03,-10.89,7.91,,16.43,-0.2,1,73.01,"2,138百萬",,正常狀態
安本-全方位中國可持續股票基金A股-美元,ANH01-ABG05,美元,,2006/03/24,RR4,,2026/09/25,27.3007,-3.87,0.25,-11.08,23.83,,12.32,-0.29,0.62,27.3007,585百萬,,已下架但可原定期(不)定額
瀚亞投資- 中國股票基金A級,IOF19-PCA06,美元,,2005/10/03,RR5,,2026/09/25,11.095,-3.03,-0.98,-11.14,24.58,,12.04,-0.29,0.57,11.095,37百萬,,已下架但可原定期(不)定額
瀚亞投資- 中印股票基金A級,IOF24-PCA05,美元,,2005/10/17,RR5,,2026/09/25,32.318,0.94,-1.67,-11.23,19.64,,11.73,-0.31,0.52,32.318,580百萬,,正常狀態
安聯中國股票基金(基金之配息來源可能為本金),TLH01-DS030,美元,,1992/07/17,RR5,,2026/09/25,64.0204,-0.6,-1.87,-11.52,31.51,,12.77,-0.29,0.35,64.0204,398百萬,,正常狀態
摩根JPM中國基金(本基金之配息來源可能為本金),JFH02-JF034,美元,,1994/07/04,RR5,,2026/09/24,72.01,-0.93,-1.55,-11.79,19,,13.75,-0.27,0.54,72.01,"3,005百萬",,正常狀態
富蘭克林坦伯頓全球投資系列-印度基金,FLZ79-FL005,美元,,2005/10/25,RR5,,2026/09/25,58.9,-0.37,4.12,-11.81,6.74,,18.65,-0.19,1.14,58.9,"2,248百萬",,正常狀態
富達基金 - 印尼基金 - A,FTZ19-FD016,美元,,1994/12/05,RR5,,2026/09/25,18.48,7.3,-11.79,-11.83,-24.43,,17.2,-0.21,0.66,18.48,152百萬,,正常狀態
愛德蒙得洛希爾印度基金(A EUR股),HSI06-EDM03,歐元,,2005/02/09,RR5,,2026/09/23,477.02,-1.51,7.15,-11.99,-0.73,,20.22,-0.17,1.28,477.02,67百萬,,已下架但可原定期(不)定額
貝萊德中國基金A2股,SHZL5-ML038,美元,,2008/06/24,RR5,,2026/09/25,19.09,-5.17,-4.36,-12.07,31.29,,12.78,-0.3,0.59,19.09,"1,014百萬",,正常狀態
景順環球消費趨勢基金A股 - 美元,ISZ04-IVC27,美元,,1994/10/03,RR4,,2026/09/25,93.15,-11.55,8.68,-12.26,67.81,,25.27,-0.13,0.42,93.15,"1,569百萬",,正常狀態
景順中國新世代基金,CTH02-IVC01,美元,,1995/10/26,RR5,,2026/09/25,55.54,0.76,-5.25,-12.53,21.81,,13.84,-0.28,0.21,55.54,211百萬,,正常狀態
貝萊德中國基金A2股-澳幣避險,SHZQ3-ML063,澳幣,,2014/02/26,RR5,,2026/09/25,13.69,-5.06,-4.6,-12.69,24.91,,12.79,-0.32,0.58,13.69,"1,014百萬",,正常狀態
法巴消費創新股票基金C(累積)-美元,FLF85-PV043,美元,,2004/12/01,RR4,,2026/09/23,352.26,-2.57,-0.41,-13.61,19.66,,16.53,-0.25,0.8,352.26,375百萬,,正常狀態
瑞銀(盧森堡)中國精選股票基金,SBZ30-UBS008,美元,,1996/11/15,RR5,,2026/09/23,1252,-0.75,-3.85,-13.85,13.79,,13.44,-0.33,0.57,1252,"2,440百萬",,正常狀態
富蘭克林坦伯頓全球投資系列-大中華基金,FLZA2-FL026,美元,,1994/09/01,RR5,,2026/09/24,22.79,-2.4,-6.75,-14.23,14.01,,16.03,-0.28,0.62,22.79,272百萬,,正常狀態
富達基金 - 中國聚焦基金 - A,FTH07-FD043,美元,,2003/08/18,RR5,,2026/09/25,65.39,3.8,-9.36,-14.97,14.64,,17.32,-0.27,-0.2,65.39,"2,180百萬",,正常狀態
摩根JPM印度基金,JFZ14-JF001,美元,,1989/11/23,RR5,,2026/09/24,297.87,-3.27,1.44,-16.72,-6.16,,15.81,-0.33,0.85,297.87,492百萬,,正常狀態
愛德蒙得洛希爾基金–中國基金(A)-歐元,HSI07-EDM01,歐元,,1998/04/08,RR5,,2026/09/23,300.77,0.38,-2,-17.45,9.8,,14.16,-0.39,0.59,300.77,414百萬,,已下架但可原定期(不)定額
瀚亞投資- 印尼股票基金A級,IOF10-PCA07,美元,,2007/07/02,RR5,,2026/09/25,9.43,6.55,-15.74,-18.02,-37.28,,22.72,-0.24,0.95,9.43,85百萬,,正常狀態
愛德蒙得洛希爾基金–中國基金(A)-美元,HSI08-EDM02,美元,,2009/07/08,RR5,,2026/09/23,105,0,-3.55,-20.21,17.45,,16.8,-0.38,0.74,105,414百萬,,已下架但可原定期(不)定額
富達基金-中國內需消費基金 (美元累積),FTZJ9-FD050,美元,,2011/02/23,RR5,,2026/09/25,14.17,0.43,-7.2,-20.79,-0.49,,15.11,-0.44,0.06,14.17,"2,432百萬",,正常狀態
愛德蒙得洛希爾基金–中國基金(A)-澳幣,HSI10-EDM08,澳幣,,2010/02/05,RR5,,2026/09/23,112.56,-0.52,-4.27,-25.21,7.67,,13.53,-0.62,0.5,112.56,414百萬,,已下架但可原定期(不)定額
匯豐環球投資基金-俄羅斯股票AD股(基金之配息來源可能為本金)*,HSZ21-HSB09,美元,,2007/12/20,RR5,,2022/02/25,4.69,-42.16,-41.72,-32.3,-11.96,,38.92,-0.24,0.97,4.69,84百萬,,暫停所有申贖
瑞銀(盧森堡)俄羅斯股票基金,SBZ75-UBS013,美元,,2006/05/16,RR5,,2022/02/24,80.79,-53.8,-54.31,-46.93,-26.77,,47.73,-0.3,0.95,80.79,52百萬,,暫停所有申贖
貝萊德新興歐洲基金A2股,SHZ33-ML024,歐元,,1995/12/29,RR5,,2022/02/28,53.6,-58.54,-59.46,-51.04,-46.47,,60.75,-0.21,1.36,53.6,269百萬,,暫停所有申贖
貝萊德環球資產配置基金A11(強化穩定配息)-美元(基金之配息來源可能為本金)*,SHZA47-ML079,美元,,2025/10/15,RR3,,2026/09/25,10.03,0.53,8.38,N/A,N/A,,N/A,N/A,N/A,10.03,"18,782百萬",,正常狀態
摩根JPM俄羅斯基金(本基金之配息來源可能為本金),JFH44-JF037,美元,,2005/11/18,RR5,,2025/03/24,0.0009,N/A,N/A,N/A,-99.99,,N/A,N/A,N/A,0.0009,280百萬,,暫停所有申贖
貝萊德全球智慧數據股票入息基金A11(強化穩定配息)-美元(基金之配息來源可能為本金且並無保證收益及配息)*,SHZA43-ML078,美元,,2025/10/08,RR3,,2026/09/25,10.6,6.64,12.18,N/A,N/A,,N/A,N/A,N/A,10.6,"13,775百萬",,正常狀態
元大多多基金,ACYT03-YT009,台幣,,1994/10/11,RR4,,2026/09/24,151.1,1.96,71.59,192.94,382.13,,34.73,0.97,1.22,151.1,116.06億,,正常狀態
元大高科技基金,ACYT09-YT020,台幣,,1997/12/01,RR5,,2026/09/24,148.39,9.5,78.1,190.11,344.28,,36,0.93,1.07,148.39,176.30億,,正常狀態
安聯台灣科技基金,ACDD04-DS024,台幣,,2001/04/03,RR5,,2026/09/24,811.38,-5.79,58.76,187.61,427.49,,40,0.84,1.04,811.38,"3,090.50億",,正常狀態
元大經貿基金,ACYT12-YT017,台幣,,1998/11/24,RR4,,2026/09/24,231.44,1.81,75.59,183.42,358.93,,44.51,0.75,1.48,231.44,53.54億,,正常狀態
野村成長基金,ACIC04-ING13,台幣,,1999/11/16,RR4,,2026/09/24,449.87,7.73,62.94,171.4,372.11,,41.07,0.77,1.17,449.87,108.95億,,正常狀態
元大新主流基金,ACYT11-YT014,台幣,,1999/08/20,RR4,,2026/09/24,191.7,-6.16,49.52,171.07,312.44,,46.41,0.69,1.53,191.7,266.93億,,正常狀態
元大卓越基金,ACYT04-YT005,台幣,,1995/11/22,RR4,,2026/09/24,244.88,3.04,54.44,163.54,317.67,,41.02,0.75,1.32,244.88,155.04億,,正常狀態
安聯台灣大壩基金- A類型-新臺幣,ACDD01-DS025,台幣,,2000/04/10,RR4,,2026/09/24,335.07,-3.24,51.08,161.59,361.4,,39.74,0.77,1.21,335.07,994.85億,,正常狀態
元大台灣高股息優質龍頭基金B(月配息)(本基金之配息來源可能為收益平準金且並無保證收益及配息),ACYT162-YT033,台幣,,2020/03/23,RR4,,2026/09/24,30.41,10.79,82.22,159.94,276.2,,34.06,0.87,1.25,30.41,310.43億,,正常狀態
元大台灣高股息優質龍頭基金A(本基金之配息來源可能為收益平準金且並無保證收益及配息),ACYT161-YT032,台幣,,2020/03/23,RR4,,2026/09/24,55.49,10.78,82.23,159.78,275.95,,33.99,0.87,1.25,55.49,570.59億,,正常狀態
台新中國通基金,ACTC10-TS008,台幣,,2003/03/13,RR5,,2026/09/24,450.59,0.54,55.62,156.24,360.35,,48.48,0.63,1.32,450.59,30.44億,,正常狀態
野村優質基金-新臺幣,ACIC01-ING89,台幣,,1999/04/21,RR4,,2026/09/24,508.91,12.12,69.39,155.26,338.11,,39.26,0.75,0.96,508.91,657.61億,,正常狀態
元大2001基金,AC0017-PL001,台幣,,1993/02/18,RR4,,2026/09/24,468.94,-0.86,47.86,154.54,280.32,,40.67,0.73,1.29,468.94,81.69億,,正常狀態
復華全方位基金A類型,ACFH15-FHW08,台幣,,2005/08/01,RR4,,2026/09/24,208.21,0.37,73.12,152.9,301.18,,41.3,0.72,1.38,208.21,145.84億,,正常狀態
元大多福基金,ACYT02-YT010,台幣,,1994/03/16,RR4,,2026/09/24,354.46,-0.62,49.69,151.3,299.93,,38.02,0.76,1.13,354.46,105.94億,,正常狀態
台新主流基金,ACTT06-TS002,台幣,,2007/02/08,RR4,,2026/09/24,198.04,-2.05,54.76,147.03,371.3,,46.67,0.63,1.33,198.04,33.93億,,正常狀態
台新2000高科技基金,ACSH03-TS006,台幣,,2000/03/07,RR5,,2026/09/24,286.27,2.63,48.15,146.53,333.09,,41.92,0.69,0.95,286.27,55.93億,,正常狀態
統一黑馬-新臺幣,ACPS02-UP002,台幣,,1994/11/01,RR4,,2026/09/24,687.75,1.05,53.41,142.73,282.25,,41.7,0.68,1.29,687.75,440.10億,,正常狀態
富蘭克林華美高科技基金,ACFT12-FL045,台幣,,2011/05/16,RR5,,2026/09/24,204.28,1.63,54.36,141.89,327.01,,39.6,0.71,1,204.28,57.78億,,正常狀態
統一奔騰-新臺幣,ACPS10-UP001,台幣,,1998/08/11,RR5,,2026/09/24,813.36,2.71,59.52,141.75,332.25,,42.59,0.66,0.93,813.36,739.23億,,正常狀態
路博邁台灣5G T累積類股-新臺幣(基金之配息來源可能為本金),ACNB01-NB020,台幣,,2017/09/13,RR4,,2026/09/24,100.22,-10.14,57.63,140.62,374.53,,46.95,0.61,1.6,100.22,315.27億,,正常狀態
路博邁台灣5G T月配級別(月配息)-新臺幣(基金之配息來源可能為本金)*,ACNB02-NB021,台幣,,2017/09/13,RR4,,2026/09/24,61.49,-10.14,57.61,140.58,374.63,,46.95,0.61,1.6,61.49,82.07億,,正常狀態
安聯台灣智慧基金,ACDD19-DS086,台幣,,2008/04/24,RR4,,2026/09/24,412.23,-7.93,46.79,139.36,331.65,,38.03,0.73,1.25,412.23,708.43億,,正常狀態
復華復華基金,ACFH01-FHW01,台幣,,1998/01/23,RR4,,2026/09/24,130.57,-8.08,60.54,139.18,318.36,,43.42,0.65,1.4,130.57,146.36億,,正常狀態
野村積極成長基金,ACKH07-ING12,台幣,,1994/01/12,RR4,,2026/09/24,166.59,8.15,51.36,138.39,313.99,,42.53,0.65,1.02,166.59,64.18億,,正常狀態
摩根台灣金磚基金,ACJF105-JF082,台幣,,2010/02/02,RR4,,2026/09/24,139.01,2.06,59.54,132.11,298.42,,37.73,0.7,1.24,139.01,84.12億,,正常狀態
元大大中華TMT基金,ACYT61-YT028,台幣,,2015/01/23,RR5,,2026/09/23,38.71,1.87,65.07,131.38,288.26,,31.42,0.83,1.92,38.71,6.96億,,正常狀態
群益創新科技基金,ACCA09-CPL07,台幣,,1999/06/05,RR5,,2026/09/24,190.15,0.5,53.66,130.01,190.75,,39.53,0.67,1.02,190.15,125.53億,,正常狀態
國泰台灣高股息基金A-新臺幣(本基金並無保證收益及配息),ACCY149-CA021,台幣,,2020/07/10,RR4,,2026/09/24,89.3,6.68,64.21,129.56,304.44,,33.99,0.76,0.94,89.3,353.23億,,正常狀態
國泰台灣高股息基金B(月配息)-新臺幣(本基金並無保證收益及配息),ACCY151-CA022,台幣,,2020/07/10,RR4,,2026/09/24,59.57,6.66,64.18,129.52,304.15,,33.96,0.76,0.94,59.57,203.00億,,正常狀態
合庫台灣基金A類型,ACCB01-TCB02,台幣,,2011/06/21,RR4,,2026/09/24,82.45,1.7,51.31,126.57,304.56,,35.75,0.72,1.14,82.45,8.52億,,正常狀態
群益奧斯卡基金,ACCA17-CPL05,台幣,,2005/10/25,RR4,,2026/09/24,162.61,4.36,58.89,119.51,216.18,,35.15,0.7,1.21,162.61,17.27億,,正常狀態
復華全球物聯網科技基金-新臺幣,ACFH67-FHW12,台幣,,2016/07/04,RR4,,2026/09/23,83.6,-20.5,44.91,116.58,326.97,,44.03,0.57,1.74,83.6,314.19億,,正常狀態
統一台灣高息優選基金(月配息)-新臺幣(本基金並無保證收益及配息，配息來源可能為本金及收益平準金)*,ACPS63-UP003,台幣,,2023/09/12,RR4,,2026/09/24,27.67,0.54,60.74,111.62,246.77,,38.6,0.61,1.16,27.67,87.25億,,正常狀態
群益馬拉松基金,ACCA03-CPL04,台幣,,1996/08/20,RR4,,2026/09/24,529.39,0.5,50.54,111.58,214.91,,32.82,0.71,1.13,529.39,236.46億,,正常狀態
元大大中華TMT基金-人民幣,ACYT62-YT027,人民幣,,2015/01/23,RR5,,2026/09/23,41.28,0.36,62.9,108.59,261.79,,33.95,0.68,2.06,41.28,1.32億,,正常狀態
復華亞太神龍科技基金-新臺幣,ACFH73-FHW16,台幣,,2018/01/31,RR5,,2026/09/23,50.47,-21.05,45.32,108.12,282.64,,44.57,0.54,1.48,50.47,168.14億,,正常狀態
華南永昌永昌證券投資信託基金-累積型,AC0013-HN011,台幣,,1993/02/16,RR4,,2026/09/24,112.87,7.65,43.07,102.68,157.17,,29.91,0.73,0.99,112.87,21.63億,,正常狀態
元大店頭基金,ACYT07-YT013,台幣,,1997/01/27,RR5,,2026/09/24,49.61,-2.32,41.1,99.16,203.24,,34.6,0.62,1.07,49.61,20.46億,,正常狀態
統一全球新科技基金-新臺幣,ACPS38-UP004,台幣,,2016/05/03,RR4,,2026/09/23,114.72,-18.91,38.22,95.83,304.8,,42.75,0.51,1.68,114.72,216.92億,,正常狀態
富邦AI智能新趨勢多重資產型基金-A類型-美元(本基金有相當比重投資於非投資等級之高風險債券),ACFP111-FB001,美元,,2019/01/30,RR4,,2026/09/23,63.0293,-7.65,43.99,90.32,282.56,,34.84,0.58,1.69,63.0293,34.70億,,正常狀態
群益店頭市場基金,AC0028-CPL03,台幣,,1997/02/13,RR5,,2026/09/24,336.31,-4.13,51.1,89.26,121.07,,47.57,0.45,1.42,336.31,61.44億,,正常狀態
元大台灣加權股價指數基金,ACKY17-PL004,台幣,,2004/09/17,RR4,,2026/09/24,142.413,5.44,50.03,88.46,212.45,,26.13,0.74,1,142.413,211.18億,,正常狀態
群益亞太新趨勢平衡基金,ACCA20-CPL02,台幣,,2006/09/01,RR4,,2026/09/23,39.78,-14.98,36.94,72.36,146.62,,34.19,0.5,1.21,39.78,16.20億,,正常狀態
復華數位經濟基金,ACFH06-FHW04,台幣,,2000/05/10,RR5,,2026/09/24,170.02,-9.12,32.97,63.32,133.35,,40.93,0.39,1.09,170.02,68.00億,,正常狀態
富蘭克林華美全球成長基金-新臺幣,ACFT27-FL051,台幣,,2014/12/29,RR3,,2026/09/23,24.13,-10.1,36.56,62.82,147.74,,30.31,0.5,1.31,24.13,4.28億,,正常狀態
路博邁5G股票證券投資信託基金T(累積)-新臺幣,ACNB47-NB017,台幣,,2019/06/27,RR4,,2026/09/23,40.96,-14.35,46.44,60.94,260.88,,40.3,0.39,1.67,40.96,36.01億,,正常狀態
復華全球平衡基金-新臺幣(本基金有相當比重投資於非投資等級之高風險債券),ACFH12-FHW09,台幣,,2004/01/02,RR3,,2026/09/23,56.75,-21.39,22.07,59.95,125.56,,34.55,0.44,1.3,56.75,202.58億,,正常狀態
國泰中港台基金(新臺幣),ACCY24-CA006,台幣,,2009/11/30,RR5,,2026/09/23,17.95,-18.3,30.93,59.27,77.9,,37.07,0.41,2.27,17.95,14.33億,,正常狀態
路博邁5G股票證券投資信託基金T(累積)-南非幣,ACNB55-NB018,南非幣,,2019/06/27,RR4,,2026/09/23,45.67,-13.7,50.53,57.37,285.08,,43.11,0.36,1.97,45.67,9.99億,,正常狀態
富蘭克林華美AI新科技基金-新臺幣,ACFT115-FL057,台幣,,2020/12/03,RR4,,2026/09/23,26.79,-3.63,42.35,56.39,170.06,,25.21,0.54,1.14,26.79,79.55億,,正常狀態
富蘭克林華美全球成長基金-美元,ACFT28-FL052,美元,,2014/12/29,RR3,,2026/09/23,24.17,-10.38,38.19,55.33,150.99,,33.21,0.42,1.58,24.17,1.65億,,正常狀態
路博邁5G股票基金T(累積)-美元,ACNB49-NB014,美元,,2019/06/27,RR4,,2026/09/23,40.16,-14.59,48.19,53.69,265.42,,42.95,0.34,1.93,40.16,49.87億,,正常狀態
路博邁5G股票證券投資信託基金T(累積)-澳幣,ACNB53-NB016,澳幣,,2019/06/27,RR4,,2026/09/23,34.07,-14.46,48.26,52.64,245.54,,43.01,0.34,1.94,34.07,6.73億,,正常狀態
國泰中港台基金(美元),ACCY51-CA005,美元,,2014/12/01,RR5,,2026/09/23,0.5681,-18.51,32.49,52.22,80.18,,39.59,0.35,2.45,0.5681,0.12億,,正常狀態
國泰中國新興戰略基金(新臺幣),ACCY31-CA004,台幣,,2012/04/30,RR5,,2026/09/23,34.59,-16.39,28.97,51.11,125.93,,33.17,0.4,1.99,34.59,30.78億,,正常狀態
富蘭克林華美新世界股票基金,ACFT05-FL046,台幣,,2008/04/28,RR4,,2026/09/23,52.54,-5.89,36.75,50.67,161.78,,24.39,0.51,1.09,52.54,21.29億,,正常狀態
路博邁5G股票證券投資信託基金T累積-人民幣,ACNB51-NB023,人民幣,,2019/06/27,RR4,,2026/09/23,37.15,-15.07,46.38,50.04,238.96,,42.83,0.32,1.93,37.15,10.38億,,正常狀態
合庫AI電動車及車聯網創新基金-新臺幣,ACCB46-TCB50,台幣,,2019/03/19,RR4,,2026/09/23,30.05,0.3,35.18,45.94,122.59,,21.28,0.53,0.49,30.05,8.42億,,正常狀態
瀚亞亞太高股息基金(月配息)(本基金配息來源可能為本金且基金並無保證收益及配息)*,ACCP2401-PCA38,台幣,,2014/11/17,RR5,,2026/09/23,12.37,0.97,22.24,45.75,97.58,,16.16,0.68,0.78,12.37,0.12億,,正常狀態
國泰中國新興戰略基金(美元),ACTR11-CA003,美元,,2015/09/14,RR5,,2026/09/23,1.0814,-16.63,30.51,44.32,128.82,,35.95,0.34,2.18,1.0814,8.06億,,正常狀態
國泰中港台基金(人民幣),ACTR21-CA017,人民幣,,2017/12/01,RR5,,2026/09/23,3.7982,-19.51,29.13,43.59,65.65,,38.92,0.31,2.4,3.7982,0.14億,,正常狀態
台新高股息平衡基金(本基金並無保證收益及配息),ACTT03-TS007,台幣,,2005/06/10,RR4,,2026/09/24,131.8944,4.18,37.41,43.42,120.34,,24.64,0.44,0.77,131.8944,12.32億,,正常狀態
摩根亞洲基金,ACJF77-JF043,台幣,,1995/10/18,RR5,,2026/09/23,111.2,-0.69,26.72,42.35,82.33,,19.09,0.55,0.95,111.2,53.39億,,正常狀態
群益華夏盛世基金,ACCA25-CPL08,台幣,,2009/12/22,RR5,,2026/09/23,23.97,-7.91,27.23,41.83,61.63,,22.77,0.46,1.45,23.97,28.33億,,正常狀態
國泰中國內需增長基金(新臺幣),ACCY28-CA002,台幣,,2011/06/23,RR5,,2026/09/23,33.44,-21.94,18.58,41.82,108.87,,36.02,0.32,1.18,33.44,62.81億,,正常狀態
第一金全球AI人工智慧證券投資信託基金-新臺幣,ACNC98-FCB05,台幣,,2019/01/23,RR5,,2026/09/23,38.41,9.09,49.86,41.79,143.56,,26.63,0.4,0.84,38.41,37.04億,,正常狀態
摩根東方內需機會基金,ACJF100-JF079,台幣,,2008/06/25,RR5,,2026/09/23,34.64,-0.83,26.47,41.39,81.27,,19.04,0.54,1.23,34.64,11.76億,,已下架但可原定期(不)定額
台新智慧生活基金-新臺幣,ACTT49-TS015,台幣,,2017/11/27,RR4,,2026/09/23,29.96,-7.82,24.63,39.61,125.09,,21.97,0.46,1.09,29.96,7.04億,,正常狀態
合庫AI電動車及車聯網創新基金-美元,ACCB47-TCB51,美元,,2019/03/19,RR4,,2026/09/23,29.04,0,36.85,39.48,125.64,,24.14,0.42,0.59,29.04,3.19億,,正常狀態
聯博亞太多重資產基金-AD(月配息)(本基金得投資於非投資等級之高風險債券且配息來源可能為本金)*,ACTI27-AB073,台幣,,2014/11/27,RR4,,2026/09/23,12.83,-0.02,16.03,38.67,93.86,,16.56,0.58,0.78,12.83,1.06億,,正常狀態
野村全球高股息基金-累積型(本基金之配息來源可能為本金且並無保證收益及配息),ACIC10-ING11,台幣,,2003/05/19,RR3,,2026/09/23,43.44,1.28,21.92,38.43,97.54,,14.5,0.65,0.88,43.44,24.12億,,正常狀態
復華中國新經濟平衡基金A-人民幣(本基金有相當比重投資於非投資等級之高風險債券),ACFH53-FHW15,人民幣,,2015/05/26,RR4,,2026/09/23,20.66,-24.93,15.23,38.1,145.08,,36.04,0.3,2.09,20.66,4.22億,,正常狀態
群益中國新機會基金,ACCA42-CPL12,台幣,,2014/03/26,RR5,,2026/09/23,10.16,-22.38,29.26,37.48,44.73,,40.72,0.27,2.37,10.16,28.45億,,正常狀態
匯豐新鑽動力基金,ACCI25-HSB03,台幣,,2006/10/13,RR5,,2026/09/23,18.18,0.33,19.45,37.21,85.89,,17.46,0.53,0.87,18.18,7.13億,,正常狀態
國泰中國新興戰略基金(人民幣),ACTR23-CA016,人民幣,,2017/12/01,RR5,,2026/09/23,7.3204,-17.65,27.23,36.18,110.41,,35.3,0.29,2.13,7.3204,1.96億,,正常狀態
國泰中國內需增長基金(美元),ACCY41-CA001,美元,,2014/07/02,RR5,,2026/09/23,1.1516,-22.16,20,35.47,111.57,,38.4,0.27,1.35,1.1516,9.51億,,正常狀態
景順全球科技基金M8(月配息)-新臺幣(本基金之配息來源可能為本金)*,ACCS132-IVC68,台幣,,2023/10/27,RR4,,2026/09/23,18.38,1.56,26.34,34.61,N/A,,17.82,0.49,1.05,18.38,5.86億,,正常狀態
景順全球科技基金累積型-新臺幣,ACCS131-IVC65,台幣,,2023/10/27,RR4,,2026/09/23,21.94,1.53,26.24,34.52,N/A,,17.78,0.49,1.04,21.94,4.30億,,正常狀態
匯豐成功基金,AC0005-HSB04,台幣,,1990/08/13,RR5,,2026/09/24,68.26,6.64,33.29,33.69,37.07,,18.14,0.47,0.52,68.26,5.73億,,正常狀態
玉山大中華基金,ACML08-PRU01,台幣,,1998/12/11,RR5,,2026/09/23,50.64,-15.8,22.97,33.54,82.75,,32.33,0.29,2.09,50.64,22.36億,,正常狀態
台新智慧生活基金-美元,ACTT50-TS016,美元,,2017/11/27,RR4,,2026/09/23,28.3386,-8.08,26.08,33.33,128,,24.86,0.36,1.31,28.3386,5.23億,,正常狀態
安聯全球生技趨勢基金,ACDD05-DS022,台幣,,2002/06/21,RR4,,2026/09/23,57.66,9.29,13.66,31.88,38.74,,16.79,0.48,0.13,57.66,27.09億,,正常狀態
瀚亞亞太高股息基金-人民幣(月配息)(本基金配息來源可能為本金且基金並無保證收益及配息)*,ACCP56-PCA35,人民幣,,2014/11/17,RR5,,2026/09/23,11.75,-0.57,20.59,31.4,83.99,,17.91,0.45,0.91,11.75,0.30億,,正常狀態
瀚亞亞太高股息基金-人民幣,ACCP55-PCA34,人民幣,,2014/11/17,RR5,,2026/09/23,20.61,-0.58,20.53,31.36,83.85,,17.85,0.45,0.9,20.61,0.22億,,正常狀態
群益中國新機會基金-美元,ACCA43-CPL13,美元,,2014/03/26,RR5,,2026/09/23,10.3611,-22.58,30.87,31.29,46.75,,43.44,0.23,2.56,10.3611,6.60億,,正常狀態
合庫AI多重資產基金A-美元(本基金有相當比重投資於非投資等級之高風險債券)*,ACCB167-TCB76,美元,,2024/12/16,RR3,,2026/09/23,15.29,0.26,26.89,30.46,N/A,,25.1,0.33,1.41,15.29,0.89億,,正常狀態
合庫AI多重資產基金A-新臺幣(本基金有相當比重投資於非投資等級之高風險債券)*,ACCB164-TCB74,台幣,,2024/12/16,RR3,,2026/09/23,14.28,0.21,25.59,30.41,N/A,,24.02,0.34,1.31,14.28,1.23億,,正常狀態
合庫AI多重資產基金B(月配息)-新臺幣(本基金有相當比重投資於非投資等級之高風險債券且配息來源可能為本金)*,ACCB165-TCB75,台幣,,2024/12/16,RR3,,2026/09/23,13.1,0.17,25.52,30.37,N/A,,24.02,0.34,1.31,13.1,0.46億,,正常狀態
合庫AI多重資產基金B(月配息)-美元(本基金有相當比重投資於非投資等級之高風險債券且配息來源可能為本金)*,ACCB168-TCB77,美元,,2024/12/16,RR3,,2026/09/23,13.93,0.26,26.74,30.36,N/A,,24.99,0.33,1.4,13.93,0.08億,,正常狀態
安聯中國策略基金,ACDD21-DS032,台幣,,2009/05/18,RR5,,2026/09/23,28.35,-8.93,18.08,29.22,53.83,,20.41,0.38,1.44,28.35,51.63億,,正常狀態
景順全球科技基金M8(月配息)-美元(本基金之配息來源可能為本金)*,ACCS134-IVC67,美元,,2023/10/27,RR4,,2026/09/23,18.76,1.25,27.85,28.58,N/A,,20.41,0.37,1.3,18.76,2.16億,,正常狀態
景順全球科技基金累積型-美元,ACCS133-IVC66,美元,,2023/10/27,RR4,,2026/09/23,22.38,1.27,27.74,28.55,N/A,,20.37,0.37,1.29,22.38,1.02億,,正常狀態
富蘭克林華美多重資產收益基金-B月配息-新臺幣(本基金有相當比重投資於非投資等級之高風險債券且基金之配息來源可能為本金)*,ACFT48-FL060,台幣,,2016/05/18,RR3,,2026/09/23,8.65,-3.69,16.45,28.35,65.62,,11.87,0.6,0.54,8.65,63.98億,,正常狀態
群益全民成長樂退組合基金B(月配息)-新臺幣(本基金有相當比重投資於持有非投資等級高風險債券之基金且配息來源可能為本金),ACCA221-CPL21,台幣,,2019/07/23,RR4,,2026/09/23,12.8532,-5.13,14.97,27.93,65.33,,14.12,0.5,0.79,12.8532,10.46億,,正常狀態
國泰中國內需增長基金(人民幣),ACTR22-CA015,人民幣,,2017/12/01,RR5,,2026/09/23,7.0745,-23.12,16.98,27.81,94.54,,37.68,0.23,1.31,7.0745,5.49億,,正常狀態
群益華夏盛世基金-人民幣,ACCA70-CPL14,人民幣,,2015/06/01,RR5,,2026/09/23,14.7918,-9.32,24.96,27.67,50.36,,24.86,0.3,1.54,14.7918,6.09億,,正常狀態
匯豐中國動力基金,ACCI31-HSB02,台幣,,2009/03/23,RR5,,2026/09/23,26.73,-1.33,12.69,24.96,63.99,,20.79,0.32,1.36,26.73,5.24億,,正常狀態
安聯全球綠能趨勢基金-A類型-新臺幣,ACDD15-DS029,台幣,,2006/10/11,RR4,,2026/09/23,15.57,-4.6,8.35,24.86,47.58,,15.24,0.42,0.9,15.57,71.69億,,正常狀態
摩根泛亞太股票入息基金-人民幣(月配息)(本基金之配息來源可能為本金且並無保證收益及配息)*,ACJF121-JF086,人民幣,,2014/10/20,RR5,,2026/09/23,13.53,2.5,18.12,24.77,69.95,,15.38,0.42,0.8,13.53,0.73億,,正常狀態
群益全球關鍵生技基金,ACCA38-CPL09,台幣,,2013/12/25,RR4,,2026/09/23,23.9,11.73,14.79,24.35,34.57,,13.65,0.46,0.14,23.9,7.06億,,正常狀態
野村全球高股息基金-人民幣(本基金之配息來源可能為本金且並無保證收益及配息)*,ACKH45-ING48,人民幣,,2015/05/11,RR3,,2026/09/23,16.93,-0.35,19.51,23.61,79.3,,16.1,0.38,1.02,16.93,0.32億,,正常狀態
元大全球優質龍頭平衡基金A-新臺幣,ACYT168-YT034,台幣,,2022/08/24,RR3,,2026/09/23,22.34,-3.83,3.67,23.29,94.26,,13.22,0.45,0.74,22.34,100.99億,,正常狀態
瀚亞環球智慧數據股息基金B月配息-新臺幣(本基金配息來源可能為本金且基金並無保證收益及配息)*,ACCP225-PCA72,台幣,,2025/09/09,RR3,,2026/09/23,11.44,4.93,12.99,22.92,N/A,,8.77,0.66,0.58,11.44,5.72億,,正常狀態
瀚亞環球智慧數據股息基金B月配權-新臺幣(本基金配息來源可能為本金且基金並無保證收益及配息)*,ACCP225-PCA73,台幣,,2025/09/09,RR3,,2026/09/23,11.44,4.93,12.99,22.92,N/A,,8.77,0.66,0.58,11.44,5.72億,,正常狀態
合庫AI多重資產基金A-人民幣(本基金有相當比重投資於非投資等級之高風險債券)*,ACCB170-TCB78,人民幣,,2024/12/16,RR3,,2026/09/23,14.06,-0.99,22.9,22.9,N/A,,24.05,0.27,1.27,14.06,0.12億,,正常狀態
合庫AI多重資產基金B(月配息)-人民幣(本基金有相當比重投資於非投資等級之高風險債券且配息來源可能為本金)*,ACCB171-TCB79,人民幣,,2024/12/16,RR3,,2026/09/23,12.83,-1.15,22.93,22.89,N/A,,24.11,0.27,1.27,12.83,0.07億,,正常狀態
富蘭克林華美多重資產收益基金-B月配息-美元(本基金有相當比重投資於非投資等級之高風險債券且基金之配息來源可能為本金)*,ACFT50-FL059,美元,,2016/05/18,RR3,,2026/09/23,8.95,-4,17.78,22.62,67.53,,14.33,0.41,0.78,8.95,12.86億,,正常狀態
安聯四季雙收入息組合基金-B1類型(月配息)-新臺幣(本基金之配息來源可能為本金且無保證收益及配息)*,ACDD140-DS118,台幣,,2023/06/06,RR3,,2026/09/23,12.36,-1.08,11.28,22.43,51.37,,7.89,0.71,0.5,12.36,1.31億,,正常狀態
台新全球多元資產組合基金B(月配息)-新臺幣(本基金得投資於非投資等級之高風險債券基金且配息來源可能為本金)*,ACTT33-TS012,台幣,,2016/06/20,RR3,,2026/09/23,11.73,-3.44,15.85,21.49,50.67,,12.73,0.43,0.59,11.73,1.35億,,正常狀態
台新全球多元資產組合基金A-新臺幣(本基金得投資於非投資等級之高風險債券基金且配息來源可能為本金),ACTT31-TS011,台幣,,2016/06/20,RR3,,2026/09/23,17.49,-3.48,15.75,21.37,50.65,,12.69,0.43,0.59,17.49,1.76億,,正常狀態
合庫2032目標日期多重資產收益基金A-新臺幣,ACCB141-TCB66,台幣,,2022/06/15,RR3,,2026/09/23,14.68,0,15.14,21.22,44.63,,10.36,0.52,0.72,14.68,1.05億,,正常狀態
合庫2032目標日期多重資產收益基金B(月配息)-新臺幣(本基金之配息來源可能為本金)*,ACCB142-TCB67,台幣,,2022/06/15,RR3,,2026/09/23,12.12,-0.05,15.1,21.19,44.53,,10.41,0.52,0.72,12.12,0.60億,,正常狀態
中國信託科技趨勢多重資產證券投資信託基金B類型(月配息)-新臺幣(本基金有相當比重投資於非投資等級之高風險債券且本基金之配息來源可能為本金)*,ACDS103-CT005,台幣,,2021/12/06,RR3,,2026/09/23,12.7119,-0.03,15.72,20.66,57.12,,11.11,0.47,0.5,12.7119,23.49億,,正常狀態
合庫全球醫療照護產業多重資產收益基金A-新臺幣*,ACCB109-TCB62,台幣,,2021/08/02,RR4,,2026/09/23,12.37,5.91,17.59,20.33,60.65,,10.67,0.49,0.48,12.37,2.20億,,正常狀態
合庫全球醫療照護產業多重資產收益基金B(月配息)-新臺幣(本基金之配息來源可能為本金)*,ACCB110-TCB63,台幣,,2021/08/02,RR4,,2026/09/23,9.71,5.89,17.6,20.29,60.72,,10.61,0.49,0.48,9.71,0.89億,,正常狀態
聯博中國A股基金A2-新臺幣,ACTI75-AB108,台幣,,2018/10/11,RR5,,2026/09/23,18.91,-4.16,13.92,20.14,50.44,,17.12,0.31,1.25,18.91,1.82億,,正常狀態
合庫2032目標日期多重資產收益基金A-美元,ACCB143-TCB72,美元,,2022/06/15,RR3,,2026/09/23,15.64,0,16.2,19.94,53.63,,11.79,0.43,0.84,15.64,2.75億,,正常狀態
合庫全球醫療照護產業多重資產收益基金B(月配息)-美元(本基金之配息來源可能為本金)*,ACCB113-TCB65,美元,,2021/08/02,RR4,,2026/09/23,9.98,6.22,18.79,19.94,73.26,,11.1,0.46,0.48,9.98,1.78億,,正常狀態
合庫全球醫療照護產業多重資產收益基金A-美元*,ACCB112-TCB64,美元,,2021/08/02,RR4,,2026/09/23,13.19,6.2,18.83,19.91,73.1,,11.14,0.46,0.48,13.19,1.55億,,正常狀態
合庫2032目標日期多重資產收益基金B(月配息)-美元(本基金之配息來源可能為本金)*,ACCB144-TCB73,美元,,2022/06/15,RR3,,2026/09/23,12.42,0,16.18,19.91,53.57,,11.81,0.43,0.84,12.42,1.58億,,正常狀態
富蘭克林華美中國A股基金,ACFT23-FL050,台幣,,2014/07/02,RR5,,2026/09/23,11.45,-9.34,16.36,19.4,46.61,,20.55,0.26,1.36,11.45,22.45億,,正常狀態
野村動態配置多重資產基金(月配息)(本基金有相當比重投資於非投資等級之高風險債券且配息來源可能為本金)*,ACKH48-ING56,台幣,,2015/05/29,RR4,,2026/09/23,13.1251,-1.56,17.21,19.29,45.44,,12.69,0.39,0.81,13.1251,1.05億,,正常狀態
第一金全球 eSports 電競證券投資信託基金-美元,ACNC136-FCB04,美元,,2020/09/17,RR4,,2026/09/23,21.191,10.22,41.51,19.27,103.97,,23.92,0.23,1.09,21.191,2.76億,,正常狀態
群益優化收益成長多重資產基金B(月配息)-新臺幣(本基金有相當比重投資於非投資等級之高風險債券 且基金之配息來源可能為本金),ACCA291-CPL24,台幣,,2023/09/21,RR3,,2026/09/23,11.7853,-6.42,9.8,18.86,47.94,,12.1,0.4,0.5,11.7853,9.46億,,正常狀態
柏瑞ESG減碳全球股票證券投資信託基金 A類型-新臺幣,ACAI377-AIG50,台幣,,2022/12/30,RR4,,2026/09/23,19.04,2.2,13.2,18.85,67.9,,14.17,0.35,0.97,19.04,8.43億,,正常狀態
野村多元收益多重資產基金(月配息)-新臺幣(本基金有相當比重投資於非投資等級之高風險債券且配息來源可能為本金且並無保證收益及配息)*,ACKH69-ING57,台幣,,2016/06/29,RR3,,2026/09/23,6.9043,2.66,16.6,18.12,43.4,,8.51,0.54,0.59,6.9043,11.59億,,正常狀態
元大全球不動產證券化基金(月配息)(基金之配息來源可能為本金),ACKY19-YT021,台幣,,2005/06/02,RR4,,2026/09/23,11,-7.46,5.13,17.94,39.64,,15.7,0.3,0.93,11,8.29億,,正常狀態
宏利亞太中小企業基金-人民幣避險,ACAP38-MNU09,人民幣,,2014/09/05,RR5,,2026/09/23,4.6949,4.21,20.89,17.79,22.18,,24.8,0.21,1.13,4.6949,0.04億,,正常狀態
元大全球優質龍頭平衡基金A-美元,ACYT169-YT035,美元,,2022/08/24,RR3,,2026/09/23,21.32,-4.13,4.89,17.73,96.79,,15.84,0.3,0.99,21.32,32.33億,,正常狀態
摩根中國A股基金,ACJF116-JF089,台幣,,2013/06/26,RR5,,2026/09/23,21.81,-3.84,7.7,17.64,33.39,,13.3,0.35,0.89,21.81,63.26億,,正常狀態
瀚亞亞太豐收平衡基金(月配息)(本基金有相當比重投資於非投資等級之高風險債券且配息來源可能為本金)*,ACCP58-PCA39,台幣,,2014/11/17,RR4,,2026/09/23,7.9109,-0.54,6.76,16.82,36.84,,6.54,0.65,0.4,7.9109,0.70億,,正常狀態
玉山全球中小基金,ACML17-PRU03,台幣,,2003/07/03,RR4,,2026/09/23,49.83,-1.64,7.67,16.78,48.52,,13.25,0.33,0.85,49.83,6.79億,,正常狀態
東方匯理實質收息多重資產證券投資信託基金 AD(月配息)-美元(本基金之配息來源可能為本金),ACCF59-PIN36,美元,,2019/10/31,RR4,,2026/09/23,9.26,0.38,7.37,16.62,33.08,,12.85,0.34,0.85,9.26,1.44億,,正常狀態
摩根大歐洲基金,ACJF81-JF080,台幣,,1998/06/01,RR4,,2026/09/23,32.5,0.68,7.12,16.24,55.8,,13.81,0.31,0.77,32.5,60.65億,,正常狀態
台新全球多元資產組合基金B(月配息)-美元(本基金得投資於非投資等級之高風險債券基金且配息來源可能為本金)*,ACTT34-TS014,美元,,2016/06/20,RR3,,2026/09/23,11.9159,-3.73,17.16,15.97,52.57,,15.7,0.27,0.84,11.9159,0.49億,,正常狀態
台新全球多元資產組合基金A-美元(本基金得投資於非投資等級之高風險債券基金且配息來源可能為本金),ACTT32-TS013,美元,,2016/06/20,RR3,,2026/09/23,17.7552,-3.75,17.13,15.97,52.63,,15.69,0.27,0.84,17.7552,0.22億,,正常狀態
野村環球基金-累積類型新臺幣計價,ACKH04-ING63,台幣,,1988/11/28,RR3,,2026/09/23,41.77,0.87,13.01,15.77,66.81,,12.2,0.34,0.83,41.77,50.44億,,正常狀態
永豐滬深300紅利指數基金,ACGC39-SIN05,台幣,,2013/08/22,RR5,,2026/09/23,24.9,8.07,3.02,15.65,27.11,,12.19,0.33,-0.23,24.9,10.54億,,正常狀態
中國信託科技趨勢多重資產證券投資信託基金B類型(月配息)-美元(本基金有相當比重投資於非投資等級之高風險債券且本基金之配息來源可能為本金)*,ACDS106-CT004,美元,,2021/12/06,RR3,,2026/09/23,11.1221,-0.32,17.08,15.23,59.26,,13.6,0.29,0.75,11.1221,3.65億,,正常狀態
合庫樂活安養ESG積極成長組合基金A-新臺幣(本基金有相當比重投資於高風險非投資等級債券基金)*,ACCB99-TCB58,台幣,,2021/08/19,RR3,,2026/09/23,13.3394,1.84,10.18,15.01,42.43,,8.6,0.44,0.63,13.3394,0.73億,,正常狀態
合庫樂活安養ESG積極成長組合基金B(月配息)-新臺幣(本基金有相當比重投資於高風險非投資等級債券基金且配息來源可能涉及本金)*,ACCB100-TCB60,台幣,,2021/08/19,RR3,,2026/09/23,10.9775,1.83,10.16,15,42.48,,8.61,0.44,0.63,10.9775,0.47億,,正常狀態
復華南非幣長期收益基金A(本投資標的於2023/7/1後不提供新契約連結),ACFH34-FHW14,南非幣,,2012/12/11,RR4,,2026/09/23,28.92,-0.72,4.86,14.9,69.12,,10.74,0.36,2.43,28.92,2.56億,,正常狀態
復華南非幣長期收益基金(月配息)(基金之配息來源可能為本金)(本投資標的於2023/7/1後不提供新契約連結)*,ACFH35-FHW06,南非幣,,2012/12/11,RR4,,2026/09/23,9.04,-0.72,4.91,14.85,69.12,,10.77,0.35,2.44,9.04,5.71億,,正常狀態
野村多元收益多重資產基金(月配息)-美元(本基金有相當比重投資於非投資等級之高風險債券且配息來源可能為本金且並無保證收益及配息)*,ACKH70-ING58,美元,,2016/06/29,RR3,,2026/09/23,7.3067,2.56,18,14.7,49.3,,10.9,0.35,0.78,7.3067,2.99億,,正常狀態
施羅德全週期成長多重資產基金(月配息)-新臺幣(本基金有相當比重投資於非投資等級之高風險債券且基金之配息來源可能為本金)*,ACES95-SD091,台幣,,2021/01/11,RR3,,2026/09/23,10.75,0.06,7.48,14.66,44.93,,8.92,0.42,0.6,10.75,25.41億,,正常狀態
施羅德全週期成長多重資產基金(累積)-新臺幣(本基金有相當比重投資於非投資等級之高風險債券且基金之配息來源可能為本金),ACES94-SD090,台幣,,2021/01/11,RR3,,2026/09/23,14.8,0.14,7.48,14.64,44.67,,8.92,0.42,0.6,14.8,3.47億,,正常狀態
柏瑞趨勢動態多重資產基金-B類型(月配息)-新臺幣(本基金有相當比重投資於非投資等級之高風險債券且配息來源可能為本金)*,ACAI356-AIG46,台幣,,2022/01/18,RR3,,2026/09/23,10.93,2.12,11.16,14.42,39.41,,9.06,0.4,0.66,10.93,4.73億,,正常狀態
摩根全球平衡基金,ACJF90-JF040,台幣,,2003/12/09,RR3,,2026/09/23,18.2902,-0.93,4.93,14.19,26.08,,5.84,0.61,0.34,18.2902,8.17億,,正常狀態
富蘭克林華美中國A股基金-美元,ACFT32-FL054,美元,,2015/10/08,RR5,,2026/09/23,11.39,-9.6,17.79,14.13,48.5,,23.49,0.18,1.55,11.39,2.96億,,正常狀態
景順2031年樂活資產豐益組合基金(月配息)-新臺幣(本基金有一定比重得投資於非投資等級之高風險債券基金且基金之配息來源可能為本金)*,ACCS126-IVC54,台幣,,2021/12/23,RR3,,2026/09/23,10.77,2.29,7.64,13.99,33.53,,6.74,0.52,0.48,10.77,0.50億,,正常狀態
景順2031年樂活資產豐益組合基金-新臺幣(本基金有一定比重得投資於非投資等級之高風險債券基金),ACCS125-IVC53,台幣,,2021/12/23,RR3,,2026/09/23,13.09,2.27,7.65,13.93,33.44,,6.77,0.52,0.49,13.09,0.26億,,正常狀態
野村環球時機多重資產證券投資信託基金(月配息)-新臺幣(本基金有相當比重投資於非投資等級之高風險債券且配息來源可能為本金)*,ACKH238-ING95,台幣,,2023/01/11,RR3,,2026/09/23,10.5403,0.26,6.24,13.43,32.77,,6.45,0.52,0.41,10.5403,1.79億,,正常狀態
柏瑞ESG減碳全球股票證券投資信託基金 A類型-美元,ACAI384-AIG49,美元,,2022/12/30,RR4,,2026/09/23,18.43,1.82,14.47,13.42,70.02,,16.52,0.22,1.22,18.43,2.25億,,正常狀態
瀚亞多重收益優化組合基金A股-新臺幣(本基金得投資於非投資等級之高風險債券基金),ACCP134-PCA69,台幣,,2018/09/26,RR3,,2026/09/23,15.91,-0.06,8.38,13.16,36.1,,6.43,0.51,0.46,15.91,17.57億,,正常狀態
合庫2032目標日期多重資產收益基金A-人民幣,ACCB145-TCB70,人民幣,,2022/06/15,RR3,,2026/09/23,14.58,-1.15,12.76,13.11,41.01,,10.64,0.32,0.72,14.58,0.41億,,正常狀態
合庫2032目標日期多重資產收益基金B(月配息)-人民幣(本基金之配息來源可能為本金)*,ACCB146-TCB71,人民幣,,2022/06/15,RR3,,2026/09/23,10.53,-1.14,12.66,13.07,41.12,,10.58,0.32,0.71,10.53,0.21億,,正常狀態
聯博歐洲多重資產基金-AD(月配息)-美元(本基金得投資於非投資等級之高風險債券且配息來源可能為本金)*,ACTI51-AB085,美元,,2015/07/24,RR3,,2026/09/23,14,2.29,9.65,13.05,45.23,,11.25,0.3,0.64,14,3.31億,,正常狀態
群益工業國入息基金-人民幣(月配息)(本基金配息來源可能為本金且基金並無保證收益及配息)*,ACCA62-CPL11,人民幣,,2015/01/27,RR3,,2026/09/23,15.1401,1.46,13.43,13.02,55.54,,12.46,0.27,0.71,15.1401,0.11億,,正常狀態
合庫樂活安養ESG積極成長組合基金B(月配息)-美元(本基金有相當比重投資於高風險非投資等級債券基金且配息來源可能涉及本金)*,ACCB102-TCB61,美元,,2021/08/19,RR3,,2026/09/23,10.9059,1.89,11.5,12.62,49.34,,10.42,0.31,0.79,10.9059,0.70億,,正常狀態
合庫樂活安養ESG積極成長組合基金A-美元(本基金有相當比重投資於高風險非投資等級債券基金)*,ACCB101-TCB59,美元,,2021/08/19,RR3,,2026/09/23,12.8805,1.86,11.49,12.61,49.29,,10.42,0.31,0.79,12.8805,2.04億,,正常狀態
摩根中國A股基金-美元,ACJF135-JF106,美元,,2015/10/20,RR5,,2026/09/23,16.65,-4.03,9.04,12.27,35.04,,15.76,0.21,1.07,16.65,27.66億,,正常狀態
合庫新興多重收益基金(本基金之子基金得投資於非投資等級之高風險債券)(本投資標的於2023/7/1後不提供新契約連結),ACCB08-TCB09,台幣,,2013/09/09,RR3,,2026/09/23,9.8884,-1.39,1.15,11.92,27.01,,6.4,0.46,1.26,9.8884,0.14億,,正常狀態
合庫新興多重收益基金(月配息)(本基金之子基金得投資於非投資等級之高風險債券且配息來源可能為本金)(本投資標的於2023/7/1後不提供新契約連結)*,ACCB09-TCB08,台幣,,2013/09/09,RR3,,2026/09/23,6.0613,-1.39,1.14,11.9,27,,6.38,0.46,1.26,6.0613,1.82億,,正常狀態
摩根全球創新成長基金,ACJF92-JF081,台幣,,2004/11/12,RR4,,2026/09/23,30.01,2.18,12.15,11.85,69.26,,11.76,0.26,0.83,30.01,31.24億,,正常狀態
合庫樂活安養ESG穩健成長組合基金A-新臺幣(本基金有相當比重投資於高風險非投資等級債券基金)*,ACCB95-TCB54,台幣,,2021/08/19,RR3,,2026/09/23,12.4883,0.64,6.95,11.64,32.42,,6.83,0.42,0.48,12.4883,0.65億,,正常狀態
合庫樂活安養ESG穩健成長組合基金B(月配息)-新臺幣(本基金有相當比重投資於高風險非投資等級債券基金且配息來源可能涉及本金)*,ACCB96-TCB56,台幣,,2021/08/19,RR3,,2026/09/23,10.4258,0.63,6.94,11.64,32.46,,6.84,0.42,0.48,10.4258,0.66億,,正常狀態
瀚亞亞太豐收平衡基金-美元(月配息)(本基金有相當比重投資於非投資等級之高風險債券且配息來源可能為本金)*,ACCP60-PCA40,美元,,2014/11/17,RR4,,2026/09/23,7.7469,-0.82,8.02,11.58,38.62,,8.76,0.33,0.62,7.7469,0.16億,,正常狀態
聯博歐洲多重資產基金-AD(月配息)(本基金得投資於非投資等級之高風險債券且配息來源可能為本金)*,ACTI25-AB074,台幣,,2014/11/27,RR3,,2026/09/23,8.92,2.07,7.28,11.42,37.86,,12.73,0.24,0.72,8.92,0.63億,,正常狀態
合庫2032目標日期多重資產收益基金B(月配息)-澳幣(本基金之配息來源可能為本金)*,ACCB148-TCB69,澳幣,,2022/06/15,RR3,,2026/09/23,11.42,0.1,12.57,10.93,38.49,,9.28,0.3,0.44,11.42,0.21億,,正常狀態
合庫2032目標日期多重資產收益基金A-澳幣,ACCB147-TCB68,澳幣,,2022/06/15,RR3,,2026/09/23,14.13,0.07,12.59,10.74,38.26,,9.36,0.29,0.44,14.13,0.20億,,正常狀態
施羅德全週期成長多重資產基金(月配息)-美元(本基金有相當比重投資於非投資等級之高風險債券且基金之配息來源可能為本金)*,ACES97-SD093,美元,,2021/01/11,RR3,,2026/09/23,10.25,-0.02,8.75,10.71,48.88,,10.87,0.25,0.81,10.25,14.68億,,正常狀態
施羅德全週期成長多重資產基金(累積)-美元(本基金有相當比重投資於非投資等級之高風險債券且基金之配息來源可能為本金),ACES96-SD092,美元,,2021/01/11,RR3,,2026/09/23,14.04,-0.14,8.67,10.64,48.73,,10.89,0.25,0.81,14.04,3.28億,,正常狀態
第一金全球水電瓦斯及基礎建設收益基金B(月配息)-新臺幣(本基金之配息來源可能為本金)*,ACNC74-FCB06,台幣,,2017/09/28,RR3,,2026/09/23,11.42,-3.91,-5.48,10.61,32.01,,12.83,0.22,-0.05,11.42,30.76億,,正常狀態
安聯收益成長多重資產基金-B月配息(新臺幣)(本基金有相當比重投資於非投資等級之高風險債券且配息來源可能為本金),ACDD75-DS072,台幣,,2018/04/23,RR3,,2026/09/23,8.26,-1.33,7.85,10.41,29.13,,7.19,0.36,0.53,8.26,266.74億,,正常狀態
安聯收益成長多重資產基金-A累積型(新臺幣)(本基金有相當比重投資於非投資等級之高風險債券),ACDD74-DS071,台幣,,2018/04/23,RR3,,2026/09/23,15.44,-1.4,7.75,10.36,28.99,,7.28,0.35,0.53,15.44,48.04億,,正常狀態
聯博多元資產收益組合基金-AD(月配息)(本基金得投資於非投資等級之高風險債券基金且配息來源可能為本金)*,ACTI23-AB072,台幣,,2014/03/19,RR3,,2026/09/23,10.16,-0.01,8.2,10.32,34.65,,7.44,0.34,0.54,10.16,14.02億,,正常狀態
富蘭克林華美中華基金,ACFT06-FL047,台幣,,2009/03/24,RR5,,2026/09/23,17.23,-9.46,12.54,10.31,45.28,,23.25,0.14,1.49,17.23,3.93億,,正常狀態
聯博多元資產收益組合基金AI類型(新臺幣)(月配息)(本基金得投資於非投資等級之高風險債券基金且配息來源可能為本金)*,ACTI70-AB102,台幣,,2018/01/16,RR3,,2026/09/23,6.42,-0.01,8.18,10.29,34.77,,7.49,0.34,0.54,6.42,141.59億,,正常狀態
聯博多元資產收益組合基金A2類型(新臺幣)(本基金得投資於非投資等級之高風險債券基金且配息來源可能為本金),ACTI22-AB092,台幣,,2014/03/19,RR3,,2026/09/23,18.9,-0.05,8.12,10.27,34.62,,7.42,0.34,0.54,18.9,20.10億,,正常狀態
柏瑞趨勢動態多重資產基金-B類型(月配息)-美元(本基金有相當比重投資於非投資等級之高風險債券且配息來源可能為本金)*,ACAI369-AIG47,美元,,2022/01/18,RR3,,2026/09/23,10.007,1.95,12.51,10.2,42.84,,11.37,0.23,0.88,10.007,2.62億,,正常狀態
野村環球時機多重資產證券投資信託基金(月配息)-美元(本基金有相當比重投資於非投資等級之高風險債券且配息來源可能為本金)*,ACKH243-ING96,美元,,2023/01/11,RR3,,2026/09/23,10.4727,0.13,7.58,9.95,36.94,,8.26,0.3,0.62,10.4727,0.32億,,正常狀態
瀚亞多重收益優化組合基金B類型(月配息)-美元(本基金得投資於非投資等級之高風險債券基金且配息來源可能為本金)*,ACCP138-PCA67,美元,,2018/09/26,RR3,,2026/09/23,8.27,-0.23,9.71,9.61,40.34,,8.96,0.27,0.66,8.27,282.76億,,正常狀態
瀚亞多重收益優化組合基金B類型(月配權)-美元(本基金得投資於非投資等級之高風險債券基金且配息來源可能為本金)*,ACCP138-PCA68,美元,,2018/09/26,RR3,,2026/09/23,8.27,-0.23,9.71,9.61,40.34,,8.96,0.27,0.66,8.27,282.76億,,正常狀態
聯博美國成長入息基金AI類型-新臺幣(月配息)(本基金配息來源可能為本金且並無保證收益及配息)*,ACTI98-AB113,台幣,,2021/01/26,RR4,,2026/09/23,11.5,4.49,11.3,9.45,59.48,,10.74,0.22,0.61,11.5,76.18億,,正常狀態
聯博美國成長入息基金A2-新臺幣(本基金配息來源可能為本金且並無保證收益及配息),ACTI97-AB117,台幣,,2021/01/26,RR4,,2026/09/23,18.78,4.45,11.26,9.44,59.29,,10.74,0.22,0.61,18.78,9.06億,,正常狀態
復華新興市場非投資等級債券基金(月配息)(基金之配息來源可能為本金)(本投資標的於2023/7/1後不提供新契約連結)*,ACFH31-FHW03,台幣,,2011/05/06,RR4,,2026/09/23,3.99,-1.05,3.63,9.37,21.51,,7.15,0.32,1.83,3.99,2.31億,,正常狀態
聯博多元資產收益組合基金AI類型(美元)(月配息)(本基金得投資於非投資等級之高風險債券基金且配息來源可能為本金)*,ACTI71-AB103,美元,,2018/01/16,RR3,,2026/09/23,9.35,0.06,8.78,9.28,42.21,,8.66,0.27,0.64,9.35,279.85億,,正常狀態
聯博多元資產收益組合基金AI(月配權)-美元(本基金得投資於非投資等級之高風險債券基金且配息來源可能為本金)*,ACTI71-AB128,美元,,2018/01/16,RR3,,2026/09/23,9.35,0.06,8.78,9.28,42.21,,8.66,0.27,0.64,9.35,279.85億,,正常狀態
聯博多元資產收益組合基金-AD(月配息)-美元(本基金得投資於非投資等級之高風險債券基金且配息來源可能為本金)*,ACTI31-AB084,美元,,2015/01/13,RR3,,2026/09/23,15.41,0.12,8.85,9.27,42.33,,8.71,0.27,0.65,15.41,12.07億,,正常狀態
聯博多元資產收益組合基金A2類型(美元)(本基金得投資於非投資等級之高風險債券基金且配息來源可能為本金),ACTI30-AB101,美元,,2015/01/14,RR3,,2026/09/23,28.99,0.07,8.82,9.23,42.32,,8.73,0.26,0.65,28.99,3.63億,,正常狀態
安聯收益成長多重資產基金B(月配息)-美元(本基金有相當比重投資於非投資等級之高風險債券且配息來源可能為本金),ACDD104-DS087,美元,,2020/01/03,RR3,,2026/09/23,8.67,-1.34,8.92,9.13,39.35,,8.59,0.26,0.65,8.67,35.10億,,正常狀態
台新ESG環保愛地球成長基金A-新臺幣,ACTT118-TS030,台幣,,2021/08/04,RR4,,2026/09/23,9.91,-6.77,7.37,9.02,28.04,,15.84,0.16,0.99,9.91,1.15億,,正常狀態
台新北美收益資產證券化基金(月配息)(本基金配息來源可能為本金)*,ACTC1501-TS005,台幣,,2012/10/11,RR4,,2026/09/23,12.38,-6.51,2.36,8.89,11.26,,12.17,0.19,0.72,12.38,7.43億,,正常狀態
合庫樂活安養ESG穩健成長組合基金B(月配息)-美元(本基金有相當比重投資於高風險非投資等級債券基金且配息來源可能涉及本金)*,ACCB98-TCB57,美元,,2021/08/19,RR3,,2026/09/23,10.3621,0.6,8.18,8.87,38.61,,8.7,0.25,0.65,10.3621,0.82億,,正常狀態
合庫樂活安養ESG穩健成長組合基金A-美元(本基金有相當比重投資於高風險非投資等級債券基金)*,ACCB97-TCB55,美元,,2021/08/19,RR3,,2026/09/23,12.063,0.56,8.16,8.87,38.59,,8.7,0.25,0.65,12.063,1.64億,,正常狀態
景順2031年樂活資產豐益組合基金-美元(本基金有一定比重得投資於非投資等級之高風險債券基金),ACCS127-IVC55,美元,,2021/12/23,RR3,,2026/09/23,11.47,1.96,8.93,8.82,35.26,,9.1,0.24,0.72,11.47,1.79億,,正常狀態
景順2031年樂活資產豐益組合基金(月配息)-美元(本基金有一定比重得投資於非投資等級之高風險債券基金且基金之配息來源可能為本金)*,ACCS128-IVC56,美元,,2021/12/23,RR3,,2026/09/23,10.04,1.96,8.89,8.82,35.17,,9.04,0.24,0.71,10.04,1.81億,,正常狀態
台新北美收益資產證券化基金(累積)-新臺幣(本基金配息來源可能為本金)*,ACTC15-TS022,台幣,,2006/06/16,RR4,,2026/09/23,28.61,-6.5,2.32,8.78,11.15,,12.16,0.19,0.72,28.61,7.61億,,正常狀態
聯博中國A股基金A2-人民幣,ACTI77-AB109,人民幣,,2018/10/11,RR5,,2026/09/23,26.95,-5.6,11.78,8.19,39.93,,18.37,0.13,1.35,26.95,2.48億,,正常狀態
野村動態配置多重資產基金-人民幣(月配息)(本基金有相當比重投資於非投資等級之高風險債券且配息來源可能為本金)*,ACKH52-ING50,人民幣,,2015/05/29,RR4,,2026/09/23,11.9957,-2.99,15.01,8.18,34.99,,14.83,0.15,0.93,11.9957,0.44億,,正常狀態
野村動態配置多重資產基金-人民幣(本基金有相當比重投資於非投資等級之高風險債券且配息來源可能為本金),ACKH51-ING49,人民幣,,2015/05/29,RR4,,2026/09/23,17.4893,-3.05,14.91,7.8,34.66,,14.92,0.14,0.94,17.4893,0.64億,,正常狀態
合庫新興多重收益基金B(月配息)-美元(本基金之子基金得投資於非投資等級之高風險債券且配息來源可能為本金)(本投資標的於2023/7/1後不提供新契約連結)*,ACCB32-TCB20,美元,,2017/07/05,RR3,,2026/09/23,5.9278,-1.68,2.34,7.7,27.1,,7.65,0.24,1.72,5.9278,0.00億,,正常狀態
景順2030優享樂活退休組合基金(累積)-南非幣(本基金有相當比重投資於非投資等級之高風險債券基金)*,ACCS110-IVC48,南非幣,,2020/10/23,RR3,,2026/09/23,15.61,1.56,7.14,7.58,38.63,,7.26,0.25,0.56,15.61,0.36億,,正常狀態
東方匯理全球非投資等級債券基金AD(月配息)-新臺幣(本基金之配息來源可能為本金)(本投資標的於2023/7/1後不提供新契約連結),ACCF35-PIN32,台幣,,2019/05/31,RR3,,2026/09/23,5.87,0.65,1.37,7.37,21.92,,3.56,0.48,0.11,5.87,8.41億,,已下架但不可繼續定期(不)定額
凱基收益成長多重資產基金B(月配息)-美元(本基金有相當比重投資於非投資等級之高風險債券且配息來源可能為本金)*,ACKG65-KGI04,美元,,2019/09/25,RR3,,2026/09/23,9.8703,2.78,8.92,7.3,54.44,,7.94,0.22,0.59,9.8703,7.43億,,正常狀態
柏瑞ESG量化多重資產基金-B類型(月配息)-新臺幣(本基金有相當比重投資於非投資等級之高風險債券且配息來源可能為本金)*,ACAI293-AIG45,台幣,,2020/11/30,RR3,,2026/09/23,7.8675,0.31,3.7,7,27.89,,5.17,0.32,0.32,7.8675,6.49億,,正常狀態
匯豐資源豐富國家收益基金-台幣AM1(月配息)(本基金有一定比重投資於非投資等級之高風險債券且配息來源可能為本金)*,ACCI35-HSB11,台幣,,2010/08/11,RR3,,2026/09/23,4.2291,0.41,-0.59,6.89,15.2,,6.71,0.24,1.18,4.2291,4.84億,,正常狀態
柏瑞趨勢動態多重資產基金-B類型(月配息)-人民幣(本基金有相當比重投資於非投資等級之高風險債券且配息來源可能為本金)*,ACAI365-AIG48,人民幣,,2022/01/18,RR3,,2026/09/23,9.5165,1.12,10.61,6.69,31.77,,11.04,0.15,0.85,9.5165,0.81億,,正常狀態
摩根多元入息成長基金(月配息) -新臺幣(本基金之配息來源可能為本金且並無保證收益及配息)*,ACJF124-JF101,台幣,,2014/10/15,RR3,,2026/09/23,8.256,0.33,4.52,6.6,22.9,,5.18,0.3,0.36,8.256,19.98億,,正常狀態
摩根多元入息成長基金-新臺幣(本基金並無保證收益及配息),ACJF123-JF100,台幣,,2014/10/15,RR3,,2026/09/23,14.7189,0.32,4.51,6.59,22.75,,5.18,0.3,0.36,14.7189,38.45億,,正常狀態
聯博多元資產收益組合基金-A2 人民幣(本基金得投資於非投資等級之高風險債券基金且配息來源可能為本金),ACTI28-AB081,人民幣,,2015/01/07,RR3,,2026/09/23,29.83,-0.63,7.34,6.38,31.18,,8.71,0.18,0.65,29.83,2.54億,,正常狀態
聯博多元資產收益組合基金-AI 人民幣(月配息)(本基金得投資於非投資等級之高風險債券基金且配息來源可能為本金)*,ACTI72-AB106,人民幣,,2018/01/16,RR3,,2026/09/23,8.91,-0.58,7.38,6.35,31.14,,8.67,0.18,0.64,8.91,10.97億,,正常狀態
聯博多元資產收益組合基金-AD 人民幣(月配息)(本基金得投資於非投資等級之高風險債券基金且配息來源可能為本金)*,ACTI29-AB082,人民幣,,2015/01/12,RR3,,2026/09/23,14.84,-0.6,7.31,6.32,31.14,,8.7,0.17,0.65,14.84,9.49億,,正常狀態
摩根新興雙利平衡基金-人民幣(月配息)(本基金有相當比重投資於非投資等級之高風險債券且配息來源可能為本金)*,ACJF130-JF094,人民幣,,2015/04/17,RR4,,2026/09/23,10.3541,0.38,2.73,6.3,42.17,,10.08,0.15,0.47,10.3541,0.25億,,正常狀態
景順2031年樂活資產豐益組合基金(月配息)-人民幣(本基金有一定比重得投資於非投資等級之高風險債券基金且基金之配息來源可能為本金)*,ACCS130-IVC58,人民幣,,2021/12/23,RR3,,2026/09/23,9.43,1.44,7.53,6.2,25.53,,8.91,0.17,0.7,9.43,0.43億,,正常狀態
景順2031年樂活資產豐益組合基金-人民幣(本基金有一定比重得投資於非投資等級之高風險債券基金),ACCS129-IVC57,人民幣,,2021/12/23,RR3,,2026/09/23,10.53,1.35,7.56,6.15,25.66,,9,0.16,0.7,10.53,0.49億,,正常狀態
安聯收益成長多重資產基金A(累積型)-人民幣(本基金有相當比重投資於非投資等級之高風險債券),ACDD76-DS073,人民幣,,2018/04/23,RR3,,2026/09/23,17.38,-1.97,7.42,6.11,29.51,,8.53,0.17,0.64,17.38,11.83億,,正常狀態
復華南非幣短期收益基金A(本投資標的於2023/7/1後不提供新契約連結),ACFH36-FHW13,南非幣,,2012/12/11,RR4,,2026/09/23,23.85,0.89,3.47,6.05,30.19,,3.54,0.38,0.82,23.85,5.75億,,正常狀態
復華南非幣短期收益基金(月配息)(基金之配息來源可能為本金)(本投資標的於2023/7/1後不提供新契約連結)*,ACFH37-FHW05,南非幣,,2012/12/11,RR4,,2026/09/23,9.47,0.81,3.45,6.03,30.12,,3.58,0.38,0.84,9.47,1.04億,,正常狀態
安聯收益成長多重資產基金B(月配息)-人民幣(本基金有相當比重投資於非投資等級之高風險債券且配息來源可能為本金),ACDD77-DS074,人民幣,,2018/04/23,RR3,,2026/09/23,7.91,-1.96,7.33,6.02,29.52,,8.42,0.17,0.63,7.91,67.83億,,正常狀態
野村亞太複合非投資等級債券基金-人民幣(本基金配息來源可能為本金)(本投資標的於2023/7/1後不提供新契約連結),ACKH36-ING40,人民幣,,2014/10/07,RR4,,2026/09/23,12.1069,1.37,3.5,5.91,30.76,,5.28,0.25,0.93,12.1069,0.43億,,正常狀態
第一金全球水電瓦斯及基礎建設收益基金A(累積)-美元(本基金之配息來源可能為本金)*,ACNC71-FCB07,美元,,2017/09/28,RR3,,2026/09/23,18.2522,-4.49,-4.78,5.77,34.93,,12.36,0.12,0.18,18.2522,9.04億,,正常狀態
台新新興短期非投資等級債券基金B類型(月配息)-新臺幣(本基金之配息來源可能為本金)(本投資標的於2023/7/1後不提供新契約連結)*,ACTT70-TS025,台幣,,2020/05/28,RR4,,2026/09/23,7.6268,0.79,2.78,5.64,11.37,,2.5,0.5,-0.06,7.6268,0.15億,,正常狀態
景順2030優享樂活退休組合基金(年配息)-美元(本基金有相當比重投資於非投資等級之高風險債券基金且基金之配息來源可能為本金)*,ACCS107-IVC46,美元,,2020/10/23,RR3,,2026/09/23,11.31,0.98,5.8,5.58,29.99,,6.61,0.19,0.51,11.31,0.20億,,正常狀態
景順2030優享樂活退休組合基金(累積)-美元(本基金有相當比重投資於非投資等級之高風險債券基金)*,ACCS108-IVC45,美元,,2020/10/23,RR3,,2026/09/23,13.42,0.98,5.84,5.5,30.04,,6.67,0.19,0.51,13.42,4.50億,,正常狀態
兆豐中國A股基金-新臺幣,ACII31-MG001,台幣,,2014/08/20,RR5,,2026/09/23,22.48,1.86,-2.98,5.49,16.66,,15.17,0.1,0.39,22.48,20.32億,,正常狀態
瀚亞2031目標日期收益成長多重資產基金B(月配息)-美元(本基金配息來源可能為本金)*,ACCP198-PCA58,美元,,2021/02/25,RR3,,2026/09/23,10.5231,-1.34,5,5.43,31.77,,4.11,0.29,0.2,10.5231,0.59億,,已下架但不可繼續定期(不)定額
瀚亞2031目標日期收益成長多重資產基金A-美元,ACCP197-PCA57,美元,,2021/02/25,RR3,,2026/09/23,12.0481,-1.34,5,5.43,31.76,,4.11,0.29,0.2,12.0481,3.04億,,已下架但不可繼續定期(不)定額
群益全民安穩樂退組合基金B(月配息)-新臺幣(本基金配息來源可能為本金),ACCA233-CPL22,台幣,,2019/07/23,RR2,,2026/09/23,9.8209,-1.71,1.2,5.39,16.09,,4.08,0.29,0.17,9.8209,0.32億,,正常狀態
柏瑞亞太非投資等級債券基金(月配息)-新臺幣(本基金之配息來源可能為本金)(本投資標的於2023/7/1後不提供新契約連結)*,ACAI116-AIG22,台幣,,2015/11/05,RR4,,2026/09/23,3.7805,0.63,2.97,5.31,20.29,,4.03,0.29,0.72,3.7805,3.12億,,正常狀態
瀚亞亞太豐收平衡基金-人民幣(月配息)(本基金有相當比重投資於非投資等級之高風險債券且配息來源可能為本金)*,ACCP66-PCA37,人民幣,,2014/12/08,RR4,,2026/09/23,7.742,-2.06,5.29,5.3,27.48,,7.89,0.16,0.53,7.742,0.32億,,正常狀態
瀚亞亞太豐收平衡基金-人民幣(本基金有相當比重投資於非投資等級之高風險債券),ACCP65-PCA36,人民幣,,2014/12/08,RR4,,2026/09/23,14.7251,-2.05,5.29,5.3,27.45,,7.89,0.16,0.53,14.7251,0.05億,,正常狀態
野村亞太複合非投資等級債券基金-人民幣(月配息)(本基金配息來源可能為本金)(本投資標的於2023/7/1後不提供新契約連結)*,ACKH37-ING39,人民幣,,2014/10/07,RR4,,2026/09/23,4.5491,1.1,3.09,5.22,30.06,,5.19,0.22,0.95,4.5491,1.71億,,正常狀態
野村亞太複合非投資等級債券基金-人民幣(月配權)(本基金配息來源可能為本金)(本投資標的於2023/7/1後不提供新契約連結)*,ACKH37-ING61,人民幣,,2014/10/07,RR4,,2026/09/23,4.5491,1.1,3.09,5.22,30.06,,5.19,0.22,0.95,4.5491,1.71億,,正常狀態
野村亞太複合非投資等級債券基金(月配息)-新臺幣(本基金配息來源可能為本金)(本投資標的於2023/7/1後不提供新契約連結)*,ACIC35-ING60,台幣,,2011/06/20,RR4,,2026/09/23,4.2085,0.85,2.51,5.18,29.79,,5.09,0.22,0.83,4.2085,4.11億,,正常狀態
富蘭克林華美中國消費基金,ACFT11-FL039,台幣,,2011/03/23,RR5,,2026/09/23,11.27,0.54,1.62,5.13,32.12,,15.03,0.09,0.58,11.27,10.64億,,正常狀態
景順2030優享樂活退休組合基金(累積)-澳幣(本基金有相當比重投資於非投資等級之高風險債券基金)*,ACCS111-IVC47,澳幣,,2020/10/23,RR3,,2026/09/23,12.55,1.13,5.64,4.85,26,,6.63,0.16,0.5,12.55,0.22億,,正常狀態
聯博美國成長入息基金AI類型-美元(月配息)(本基金配息來源可能為本金且並無保證收益及配息)*,ACTI100-AB114,美元,,2021/01/26,RR4,,2026/09/23,15.36,4.17,12.63,4.52,61.37,,12.81,0.09,0.84,15.36,38.71億,,正常狀態
聯博美國成長入息基金A2-美元(本基金配息來源可能為本金且並無保證收益及配息),ACTI99-AB118,美元,,2021/01/26,RR4,,2026/09/23,25.21,4.17,12.59,4.52,61.4,,12.75,0.09,0.83,25.21,5.65億,,正常狀態
合庫標普利變特別股收益指數基金B(月配息)-新臺幣(本基金之配息來源可能為本金)*,ACCB35-TCB24,台幣,,2018/03/26,RR4,,2026/09/23,7.49,0.48,0.19,4.49,14.35,,2.81,0.33,0.05,7.49,1.26億,,正常狀態
合庫標普利變特別股收益指數基金A(累積型)-新臺幣*,ACCB34-TCB25,台幣,,2018/03/26,RR4,,2026/09/23,12.83,0.47,0.08,4.48,14.15,,2.88,0.32,0.05,12.83,1.07億,,正常狀態
國泰主順位資產抵押非投資等級債券基金-A累積型(新臺幣)(基金之配息來源可能為本金)(本投資標的於2023/7/1後不提供新契約連結)*,ACTR28-CA012,台幣,,2018/05/04,RR3,,2026/09/23,12.6191,-0.13,0.6,4.45,17.51,,2.75,0.33,0.25,12.6191,16.75億,,正常狀態
國泰主順位資產抵押非投資等級債券基金-B月配息(新臺幣)(基金之配息來源可能為本金)(本投資標的於2023/7/1後不提供新契約連結)*,ACTR29-CA014,台幣,,2018/05/04,RR3,,2026/09/23,7.9117,-0.13,0.6,4.44,17.5,,2.75,0.33,0.25,7.9117,3.01億,,正常狀態
台新策略優選總回報非投資等級債券基金(月配息)-新臺幣(本基金之配息來源可能為本金)(本投資標的於2023/7/1後不提供新契約連結),ACTT88-TS027,台幣,,2020/10/23,RR3,,2026/09/23,8.1331,0.1,0.98,4.3,14.52,,2.44,0.36,0.32,8.1331,0.44億,,正常狀態
柏瑞ESG量化多重資產基金-B類型(月配息)-美元(本基金有相當比重投資於非投資等級之高風險債券且配息來源可能為本金)*,ACAI294-AIG44,美元,,2020/11/30,RR3,,2026/09/23,7.5544,0.24,4.91,4.16,32.24,,6.78,0.13,0.5,7.5544,5.51億,,正常狀態
宏利新興市場非投資等級債券基金(月配息)(本基金之配息來源可能為本金)(本投資標的於2023/7/1後不提供新契約連結)*,ACAP22-MNU01,台幣,,2010/09/29,RR4,,2026/09/23,4.889,0.14,2.52,4.13,19.77,,3.24,0.26,0.75,4.889,0.67億,,正常狀態
台新ESG環保愛地球成長基金A-美元,ACTT121-TS031,美元,,2021/08/04,RR4,,2026/09/23,8.6939,-7.04,8.61,4.12,29.65,,18.62,0.07,1.23,8.6939,2.31億,,正常狀態
合庫全球非投資等級債券基金(本基金主要係投資於非投資等級之高風險債券)(本投資標的於2023/7/1後不提供新契約連結),ACCB05-TCB10,台幣,,2012/09/13,RR3,,2026/09/23,12.4845,-0.03,0.69,4.09,14.37,,2.71,0.3,0.28,12.4845,0.68億,,正常狀態
合庫全球非投資等級債券基金(月配息)(本基金主要係投資於非投資等級之高風險債券且配息來源可能為本金)(本投資標的於2023/7/1後不提供新契約連結)*,ACCB06-TCB04,台幣,,2012/09/13,RR3,,2026/09/23,6.1187,-0.03,0.69,4.09,14.36,,2.71,0.3,0.28,6.1187,4.33億,,正常狀態
安聯目標收益基金(月配息)(本基金主要係投資於高風險非投資等級債券基金且配息來源可能為本金),ACDD41-DS050,台幣,,2015/01/27,RR3,,2026/09/23,5.6322,-0.99,1.69,4.09,14.49,,3.32,0.25,0.68,5.6322,2.27億,,已下架但可原定期(不)定額
台新北美收益資產證券化基金(月配息)-美元(本基金配息來源可能為本金)*,ACTT23-TS024,美元,,2014/12/01,RR4,,2026/09/23,0.3883,-6.76,3.54,3.97,12.64,,14,0.07,0.82,0.3883,3.10億,,正常狀態
合庫新興多重收益基金A(累積型)-美元(本基金之子基金得投資於非投資等級之高風險債券)(本投資標的於2023/7/1後不提供新契約連結)*,ACCB30-TCB21,美元,,2017/07/05,RR3,,2026/09/23,13.3184,4.14,8.39,3.96,19.9,,11.78,0.08,0.43,13.3184,0.00億,,正常狀態
台新北美收益資產證券化基金(累積)-美元(本基金配息來源可能為本金)*,ACTT22-TS023,美元,,2014/12/01,RR4,,2026/09/23,0.9068,-6.78,3.55,3.91,12.6,,14.06,0.07,0.83,0.9068,2.14億,,正常狀態
施羅德中國非投資等級債券基金(月配息)(基金之配息來源可能為本金)(本投資標的於2023/7/1後不提供新契約連結)*,ACES17-SD037,台幣,,2012/03/26,RR4,,2026/09/23,5.5941,0.13,1.36,3.85,13.67,,2.09,0.36,0.31,5.5941,0.88億,,正常狀態
合庫新興多重收益基金-人民幣(月配息)(本基金之子基金得投資於非投資等級之高風險債券且配息來源可能為本金)(本投資標的於2023/7/1後不提供新契約連結)*,ACCB15-TCB13,人民幣,,2014/11/17,RR3,,2026/09/23,4.5399,-2.44,0.62,3.83,17.8,,7.25,0.11,1.66,4.5399,0.14億,,正常狀態
合庫新興多重收益基金-人民幣(本基金之子基金得投資於非投資等級之高風險債券)(本投資標的於2023/7/1後不提供新契約連結),ACCB13-TCB12,人民幣,,2014/11/17,RR3,,2026/09/23,10.4236,-2.44,0.62,3.75,17.57,,7.32,0.11,1.67,10.4236,0.03億,,正常狀態
施羅德中國非投資等級債券基金(基金之配息來源可能為本金)(本投資標的於2023/7/1後不提供新契約連結),ACES16-SD036,台幣,,2012/03/26,RR4,,2026/09/23,10.3684,0.17,1.32,3.72,13.55,,2.06,0.34,0.31,10.3684,0.15億,,正常狀態
柏瑞亞太非投資等級債券基金B(月配息)-美元(本基金之配息來源可能為本金)(本投資標的於2023/7/1後不提供新契約連結)*,ACAI117-AIG41,美元,,2015/11/05,RR4,,2026/09/23,4.4714,0.64,4.15,3.67,26.32,,4.93,0.15,1.16,4.4714,2.39億,,正常狀態
台新優先順位資產抵押非投資等級債券基金B(月配息)-新臺幣(本基金之配息來源可能為本金)(本投資標的於2023/7/1後不提供新契約連結)*,ACTT58-TS021,台幣,,2019/04/29,RR3,,2026/09/23,7.7051,-0.04,0.72,3.64,13.1,,2.42,0.28,0.45,7.7051,0.98億,,正常狀態
台新優先順位資產抵押非投資等級債券基金A(累積)-新臺幣(本基金之配息來源可能為本金)(本投資標的於2023/7/1後不提供新契約連結)*,ACTT55-TS020,台幣,,2019/04/29,RR3,,2026/09/23,11.4387,-0.05,0.72,3.63,13.1,,2.42,0.28,0.45,11.4387,0.43億,,正常狀態
柏瑞新興市場非投資等級債券基金(月配息)(本基金之配息來源可能為本金)(本投資標的於2023/7/1後不提供新契約連結)*,ACAI22-AIG02,台幣,,2010/05/17,RR4,,2026/09/23,4.4311,-0.89,1.77,3.61,15.61,,4.59,0.15,1.06,4.4311,3.85億,,正常狀態
元大美元貨幣市場基金-美元,ACYT84-YT036,美元,,2016/03/10,RR1,,2026/09/24,12.7241,0.88,1.76,3.6,13.58,,0.06,10.45,0.0001,12.7241,19.99億,,正常狀態
聯博美國多重資產收益基金AD類型-新臺幣(月配息)(本基金得投資於非投資等級之高風險債券且配息來源可能為本金)*,ACTI89-AB121,台幣,,2021/01/26,RR3,,2026/09/23,10.24,0.37,5.04,3.53,31.08,,6.4,0.11,0.5,10.24,2.23億,,正常狀態
聯博美國多重資產收益基金A2類型-新臺幣(本基金得投資於非投資等級之高風險債券且配息來源可能為本金),ACTI88-AB119,台幣,,2021/01/26,RR3,,2026/09/23,12.73,0.39,5.03,3.5,30.97,,6.37,0.11,0.49,12.73,5.19億,,正常狀態
路博邁ESG新興市場債券基金T(月配息)-新臺幣(本基金有相當比重投資於非投資等級之高風險債券且配息來源可能為本金)(本投資標的於2023/7/1後不提供新契約連結)*,ACNB78-NB019,台幣,,2020/09/30,RR3,,2026/09/23,6.45,-2.86,-0.41,3.46,25.88,,5.73,0.12,1.41,6.45,0.58億,,正常狀態
聯博美國多重資產收益基金AI類型-新臺幣(月配息)(本基金得投資於非投資等級之高風險債券且配息來源可能為本金)*,ACTI90-AB115,台幣,,2021/01/26,RR3,,2026/09/23,7.96,0.33,5.05,3.45,31.01,,6.46,0.11,0.51,7.96,17.80億,,正常狀態
華南永昌Shiller US CAPER ETF組合基金(累積)-新臺幣(本基金之配息來源可能為本金),ACYC53-HN006,台幣,,2017/07/24,RR4,,2026/09/23,20.92,-3.77,1.36,3.41,27.79,,9.4,0.08,0.74,20.92,1.37億,,正常狀態
安聯四季豐收債券組合基金-A類型(累積)-新臺幣(本基金有一定比例之投資包含高風險非投資等級債券基金),ACDD26-DS065,台幣,,2012/01/02,RR3,,2026/09/23,13.9222,-1.42,0.55,3.38,13.54,,3.43,0.18,0.82,13.9222,129.21億,,正常狀態
安聯四季豐收債券組合基金(月配息)(本基金有一定比例之投資包含高風險非投資等級債券基金且配息來源可能為本金),ACDD27-DS053,台幣,,2012/01/02,RR3,,2026/09/23,6.7788,-1.42,0.55,3.38,13.54,,3.43,0.18,0.82,6.7788,56.11億,,正常狀態
復華新興市場非投資等級債券基金-人民幣(月配息)(基金之配息來源可能為本金)(本投資標的於2023/7/1後不提供新契約連結)*,ACFH49-FHW10,人民幣,,2014/10/17,RR4,,2026/09/23,9.1,-1.82,3.57,3.22,19.05,,9.42,0.07,2.5,9.1,0.30億,,正常狀態
景順2030優享樂活退休組合基金(累積)-人民幣(本基金有相當比重投資於非投資等級之高風險債券基金)*,ACCS109-IVC49,人民幣,,2020/10/23,RR3,,2026/09/23,12.64,0.48,4.55,2.93,20.84,,6.65,0.08,0.51,12.64,0.50億,,正常狀態
瀚亞全球非投資等級債券基金(月配息)(本基金配息來源可能為本金)(本投資標的於2023/7/1後不提供新契約連結),ACCP34-PCA09,台幣,,2010/09/16,RR3,,2026/09/23,7.0049,-0.56,0.41,2.87,14.09,,2.44,0.19,0.46,7.0049,5.23億,,正常狀態
瀚亞全球非投資等級債券基金(本投資標的於2023/7/1後不提供新契約連結),ACCP33-PCA13,台幣,,2010/09/16,RR3,,2026/09/23,14.4031,-0.56,0.41,2.87,14.08,,2.44,0.19,0.46,14.4031,3.36億,,正常狀態
聯博美國多重資產收益基金A2類型-美元(本基金得投資於非投資等級之高風險債券且配息來源可能為本金),ACTI92-AB120,美元,,2021/01/26,RR3,,2026/09/23,19.97,0.5,6.17,2.83,39.36,,7.6,0.07,0.6,19.97,3.86億,,正常狀態
安聯目標收益基金(月配息)-美元(本基金主要係投資於高風險非投資等級債券基金且配息來源可能為本金),ACDD43-DS051,美元,,2015/01/27,RR3,,2026/09/23,6.64,-0.98,2.87,2.83,21.98,,4.53,0.11,0.97,6.64,0.68億,,已下架但可原定期(不)定額
聯博美國多重資產收益基金AI類型-美元(月配息)(本基金得投資於非投資等級之高風險債券且配息來源可能為本金)*,ACTI94-AB116,美元,,2021/01/26,RR3,,2026/09/23,11.77,0.48,6.15,2.81,39.31,,7.6,0.07,0.6,11.77,34.12億,,正常狀態
聯博美國多重資產收益基金AI(月配權)-美元(本基金得投資於非投資等級之高風險債券且配息來源可能為本金)*,ACTI94-AB129,美元,,2021/01/26,RR3,,2026/09/23,11.77,0.48,6.15,2.81,39.31,,7.6,0.07,0.6,11.77,34.12億,,正常狀態
聯博美國多重資產收益基金AD類型-美元(月配息)(本基金得投資於非投資等級之高風險債券且配息來源可能為本金)*,ACTI93-AB122,美元,,2021/01/26,RR3,,2026/09/23,15.14,0.49,6.19,2.79,39.4,,7.69,0.07,0.61,15.14,3.25億,,正常狀態
第一金全球非投資等級債券基金B(月配息)(本基金配息來源可能為本金)(本投資標的於2023/7/1後不提供新契約連結)*,ACNC3501-FCB01,台幣,,2009/08/06,RR3,,2026/09/23,5.8522,-0.75,-0.18,2.77,17.32,,3.04,0.15,0.51,5.8522,7.84億,,正常狀態
瀚亞2031目標日期收益成長多重資產基金B(月配息)-人民幣(本基金配息來源可能為本金)*,ACCP200-PCA60,人民幣,,2021/02/25,RR3,,2026/09/23,9.3529,-2.03,3.53,2.69,22.04,,4.05,0.11,0.19,9.3529,0.20億,,已下架但不可繼續定期(不)定額
瀚亞2031目標日期收益成長多重資產基金A-人民幣,ACCP199-PCA59,人民幣,,2021/02/25,RR3,,2026/09/23,11.3141,-2.03,3.52,2.69,22.04,,4.05,0.11,0.19,11.3141,1.06億,,已下架但不可繼續定期(不)定額
宏利中國離岸債券基金(本基金之配息來源可能為本金及收益平準金)(本投資標的於2023/7/1後不提供新契約連結),ACAP26-MNU04,台幣,,2011/11/09,RR3,,2026/09/23,7.6818,-0.54,-0.51,2.68,8.66,,2.3,0.18,0.4,7.6818,0.04億,,正常狀態
富邦亞洲非投資等級債券基金(月配息)-新臺幣(本基金之配息來源可能為本金)(本投資標的於2023/7/1後不提供新契約連結)*,ACJS33-JS001,台幣,,2012/04/17,RR4,,2026/09/23,4.0976,-0.16,2.26,2.66,11.65,,3.55,0.12,0.8,4.0976,1.25億,,正常狀態
聯博全球非投資等級債券基金-T2類型(新臺幣)(基金之配息來源可能為本金)(本投資標的於2023/7/1後不提供新契約連結),ACTI40-AB091,台幣,,2015/04/02,RR3,,2026/09/23,12.13,-0.57,1.34,2.62,16.52,,2.94,0.14,0.55,12.13,18.11億,,正常狀態
安聯四季回報債券組合基金(本基金有相當比重之投資包含高風險非投資等級債券基金),ACDD20-DS033,台幣,,2008/10/17,RR3,,2026/09/23,16.6282,-1.33,-0.1,2.62,11.55,,3.28,0.12,0.78,16.6282,84.33億,,正常狀態
聯博全球非投資等級債券基金-TA(月配息)(基金之配息來源可能為本金)(本投資標的於2023/7/1後不提供新契約連結)*,ACTI41-AB071,台幣,,2015/04/02,RR3,,2026/09/23,4.59,-0.56,1.26,2.61,16.5,,3.17,0.13,0.6,4.59,96.89億,,正常狀態
富蘭克林華美全球非投資等級債券基金 (月配息)(本基金之配息來源可能為本金)(本投資標的於2023/7/1後不提供新契約連結)*,ACFT15-FL038,台幣,,2012/06/28,RR3,,2026/09/23,6.0924,-1.03,-0.82,2.59,15.06,,3.39,0.12,0.61,6.0924,16.68億,,正常狀態
富蘭克林華美全球非投資等級債券基金(本基金之配息來源可能為本金)(本投資標的於2023/7/1後不提供新契約連結),ACFT14-FL049,台幣,,2012/06/28,RR3,,2026/09/23,13.4388,-1.03,-0.83,2.58,15.04,,3.38,0.12,0.61,13.4388,9.68億,,正常狀態
摩根多元入息成長基金-人民幣(月配息)(本基金之配息來源可能為本金且並無保證收益及配息)*,ACJF126-JF088,人民幣,,2014/10/15,RR3,,2026/09/23,9.8442,-0.31,3.8,2.56,21.94,,5.74,0.07,0.42,9.8442,10.91億,,正常狀態
玉山全球消費商機基金,ACML28-PRU05,台幣,,2008/06/13,RR4,,2026/09/23,35.75,0.42,0.9,2.55,42.66,,9.52,0.05,0.63,35.75,6.97億,,正常狀態
群益全球策略收益金融債券基金(月配息)-新臺幣(本子基金有一定比重投資於非投資等級之高風險債券且基金之配息來源可能為本金),ACCA241-CPL17,台幣,,2019/10/08,RR2,,2026/09/23,7.6716,-1.34,-0.72,2.52,11.2,,3.09,0.12,0.5,7.6716,11.61億,,正常狀態
東方匯理全球非投資等級債券基金AD(月配息)-美元(本基金之配息來源可能為本金)(本投資標的於2023/7/1後不提供新契約連結),ACCF36-PIN33,美元,,2019/05/31,RR3,,2026/09/23,5.86,0.31,2.55,2.48,23.35,,3.49,0.11,0.62,5.86,2.08億,,正常狀態
台新策略優選總回報非投資等級債券基金(月配息)-美元(本基金之配息來源可能為本金)(本投資標的於2023/7/1後不提供新契約連結),ACTT91-TS028,美元,,2020/10/23,RR3,,2026/09/23,8.208,0.12,2.23,2.33,19.21,,2.95,0.11,0.79,8.208,0.35億,,正常狀態
合庫全球非投資等級債券基金A(累積型)-美元(本基金主要係投資於非投資等級之高風險債券)(本投資標的於2023/7/1後不提供新契約連結)*,ACCB10-TCB17,美元,,2014/09/17,RR3,,2026/09/23,13.3755,-0.02,2.05,2.31,21.61,,3.02,0.11,0.78,13.3755,0.14億,,正常狀態
柏瑞全球策略非投資等級債券基金B(月配息)-南非幣(本基金之配息來源可能為本金)(本投資標的於2023/7/1後不提供新契約連結)*,ACAI28-AIG30,南非幣,,2014/02/14,RR3,,2026/09/23,6.1722,-0.53,1.89,2.24,25.56,,2.9,0.1,0.8,6.1722,0.39億,,正常狀態
柏瑞全球策略非投資等級債券基金Bt(月配息)-新臺幣(本基金之配息來源可能為本金)(本投資標的於2023/7/1後不提供新契約連結)*,ACAI177-AIG23,台幣,,2017/04/07,RR3,,2026/09/23,4.6133,-0.98,0.18,2.21,13.64,,3.15,0.09,0.44,4.6133,5.17億,,正常狀態
柏瑞全球策略非投資等級債券基金(月配息)(本基金之配息來源可能為本金)(本投資標的於2023/7/1後不提供新契約連結)*,ACAI20-AIG03,台幣,,2008/08/01,RR3,,2026/09/23,4.9138,-0.99,0.18,2.21,13.64,,3.15,0.09,0.67,4.9138,31.15億,,正常狀態
柏瑞全球策略非投資等級債券基金(本投資標的於2023/7/1後不提供新契約連結),ACAI19-AIG09,台幣,,2008/08/01,RR3,,2026/09/23,15.7371,-0.98,0.18,2.21,13.64,,3.15,0.09,0.67,15.7371,9.23億,,正常狀態
摩根中國雙息平衡基金(累積型)-新臺幣(本基金有相當比重投資於非投資等級之高風險債券且並無保證收益及配息),ACJF131-JF102,台幣,,2015/08/25,RR4,,2026/09/23,14.9612,-1.7,-1.64,2.21,21.54,,11.02,0.04,0.49,14.9612,6.13億,,正常狀態
華南永昌全球投資等級債券證券投資信託基金(累積)-新台幣(本基金配息來源可能為本金),ACYC79-HN010,台幣,,2023/06/05,RR2,,2026/09/23,11.0128,-3.43,-1.3,2.21,8.78,,4.81,0.06,0.96,11.0128,1.33億,,正常狀態
安聯四季豐收債券組合基金-B類型(月配息)-美元(本基金有一定比例之投資包含高風險非投資等級債券基金且配息來源可能為本金),ACDD35-DS067,美元,,2016/08/24,RR3,,2026/09/23,7.9419,-1.44,1.71,2.16,20.94,,4.55,0.06,1.14,7.9419,0.53億,,正常狀態
合庫全球非投資等級債券基金C類型(月配息)-美元(本基金主要係投資於非投資等級之高風險債券且配息來源可能為本金)(本投資標的於2023/7/1後不提供新契約連結)*,ACCB21-TCB15,美元,,2015/09/21,RR3,,2026/09/23,6.833,-0.02,1.95,2.01,20.96,,2.98,0.08,0.77,6.833,0.11億,,正常狀態
路博邁全球非投資等級債券基金T(累積)-新臺幣(本基金配息來源可能為本金)(本投資標的於2023/7/1後不提供新契約連結),ACNB10-NB012,台幣,,2018/07/30,RR3,,2026/09/23,11.67,-0.85,0.09,2.01,14.19,,2.8,0.08,0.64,11.67,0.76億,,正常狀態
摩根亞洲總合非投資等級債券基金(月配息)-美元(本基金之配息來源可能為本金)(本投資標的於2023/7/1後不提供新契約連結)*,ACJF117-JF084,美元,,2014/03/13,RR4,,2026/09/23,5.1033,0.87,3.63,1.99,20.08,,4.14,0.06,0.95,5.1033,0.14億,,正常狀態
合庫全球非投資等級債券基金(月配息)-美元(本基金主要係投資於非投資等級之高風險債券且配息來源可能為本金)(本投資標的於2023/7/1後不提供新契約連結)*,ACCB11-TCB11,美元,,2014/09/17,RR3,,2026/09/23,7.7563,-0.02,1.91,1.97,20.99,,2.98,0.07,0.77,7.7563,0.53億,,正常狀態
路博邁全球非投資等級債券基金T(月配息)-新臺幣(本基金配息來源可能為本金)(本投資標的於2023/7/1後不提供新契約連結),ACNB05-NB013,台幣,,2018/07/30,RR3,,2026/09/23,5.66,-0.79,0.14,1.95,14.23,,2.86,0.08,0.68,5.66,4.56億,,正常狀態
國泰主順位資產抵押非投資等級債券基金-A累積型(美元)(基金之配息來源可能為本金)(本投資標的於2023/7/1後不提供新契約連結)*,ACTR30-CA011,美元,,2018/05/04,RR3,,2026/09/23,0.4261,-0.3,1.79,1.79,20.88,,2.8,0.06,0.79,0.4261,27.41億,,正常狀態
國泰主順位資產抵押非投資等級債券基金-B月配息(美元)(基金之配息來源可能為本金)(本投資標的於2023/7/1後不提供新契約連結)*,ACTR31-CA013,美元,,2018/05/04,RR3,,2026/09/23,0.2669,-0.29,1.82,1.79,20.92,,2.82,0.06,0.79,0.2669,0.88億,,正常狀態
安聯全球農金趨勢基金,ACDD18-DS028,台幣,,2008/02/12,RR4,,2026/09/23,7.45,4.34,2.48,1.78,0.81,,13.58,0.03,0.63,7.45,17.87億,,正常狀態
台新新興短期非投資等級債券基金B類型(月配息)-美元(本基金之配息來源可能為本金)(本投資標的於2023/7/1後不提供新契約連結)*,ACTT71-TS026,美元,,2020/05/28,RR4,,2026/09/23,7.9607,0.27,2.51,1.75,14.64,,2.81,0.06,0.36,7.9607,0.20億,,正常狀態
台新優先順位資產抵押非投資等級債券基金B(月配息)-美元(本基金之配息來源可能為本金)(本投資標的於2023/7/1後不提供新契約連結)*,ACTT59-TS019,美元,,2019/04/29,RR3,,2026/09/23,7.8701,-0.31,1.87,1.54,16.51,,3.23,0.03,0.89,7.8701,0.86億,,正常狀態
台新優先順位資產抵押非投資等級債券基金A(累積)-美元(本基金之配息來源可能為本金)(本投資標的於2023/7/1後不提供新契約連結)*,ACTT56-TS018,美元,,2019/04/29,RR3,,2026/09/23,11.6813,-0.3,1.89,1.54,16.53,,3.24,0.03,0.89,11.6813,0.27億,,正常狀態
安聯台灣貨幣市場基金,ACDD02-DS026,台幣,,2000/07/31,RR1,,2026/09/24,13.4128,0.41,0.8,1.52,4.42,,0.04,2.31,0,13.4128,279.46億,,正常狀態
元大得寶貨幣市場基金,ACKY08-PL008,台幣,,2001/08/08,RR1,,2026/09/24,12.8449,0.41,0.79,1.5,4.38,,0.04,2.11,0,12.8449,199.67億,,正常狀態
元大得利貨幣市場基金,ACKY02-PL007,台幣,,1995/09/21,RR1,,2026/09/24,17.4424,0.4,0.78,1.5,4.38,,0.03,2.33,0.0001,17.4424,453.10億,,正常狀態
元大萬泰貨幣市場基金,ACYT08-YT018,台幣,,1997/02/19,RR1,,2026/09/24,16.1791,0.4,0.79,1.5,4.37,,0.04,2.15,0.0001,16.1791,380.05億,,正常狀態
合庫貨幣市場基金-新臺幣,ACCB20-TCB19,台幣,,2015/04/27,RR1,,2026/09/24,10.829,0.4,0.78,1.49,4.32,,0.04,2.04,0.0001,10.829,316.18億,,正常狀態
聯博全球非投資等級債券基金-TA(月配息)-美元(基金之配息來源可能為本金)(本投資標的於2023/7/1後不提供新契約連結)*,ACTI43-AB086,美元,,2015/04/02,RR3,,2026/09/23,7.22,-0.79,1.81,1.36,22.86,,3.79,0.01,0.77,7.22,28.03億,,正常狀態
第一金中國世紀基金-人民幣,ACNC47-FCB03,人民幣,,2014/09/10,RR5,,2026/09/23,21.09,1.39,0.33,1.3,30.02,,9.73,0.01,0.4,21.09,1.66億,,正常狀態
柏瑞ESG新興市場企業策略債券基金(月配息)(本基金有相當比重投資於非投資等級之高風險債券且配息來源可能為本金)(本投資標的於2023/7/1後不提供新契約連結)*,ACAI26-AIG08,台幣,,2012/05/02,RR3,,2026/09/23,5.7057,-1.4,-0.78,1.09,10.39,,2.91,-0.01,0.52,5.7057,1.26億,,正常狀態
兆豐中國A股基金-美元,ACII32-MG002,美元,,2014/08/20,RR5,,2026/09/23,22.61,1.62,-1.82,0.89,17.88,,15.33,0.01,0.57,22.61,9.02億,,正常狀態
合庫標普利變特別股收益指數基金B(月配息)-美元(本基金之配息來源可能為本金)*,ACCB37-TCB26,美元,,2018/03/26,RR4,,2026/09/23,7.28,0.41,1.35,0.85,15.94,,3.43,-0.03,0.22,7.28,0.92億,,正常狀態
柏瑞全球策略非投資等級債券基金B(月配息)-美元(本基金之配息來源可能為本金)(本投資標的於2023/7/1後不提供新契約連結)*,ACAI124-AIG28,美元,,2016/01/27,RR3,,2026/09/23,7.1422,-0.93,1.33,0.74,19.8,,3.91,-0.03,1.09,7.1422,0.93億,,正常狀態
合庫標普利變特別股收益指數基金A(累積型)-美元*,ACCB36-TCB27,美元,,2018/03/26,RR4,,2026/09/23,12.41,0.4,1.31,0.73,15.76,,3.47,-0.04,0.23,12.41,0.09億,,正常狀態
宏利新興市場非投資等級債券基金-C人民幣避險級別(月配息)(本基金之配息來源可能為本金)(本投資標的於2023/7/1後不提供新契約連結)*,ACAP41-MNU08,人民幣,,2014/09/12,RR4,,2026/09/23,1.2554,-0.33,2.32,0.7,19.89,,4.13,-0.03,1.03,1.2554,0.94億,,正常狀態
安聯美國短年期非投資等級債券基金B(月配息)-美元(基金之配息來源可能為本金)(本投資標的於2023/7/1後不提供新契約連結)*,ACDD95-DS083,美元,,2019/05/03,RR3,,2026/09/23,7.0421,-0.37,1.08,0.65,6.67,,2.06,-0.08,0.57,7.0421,3.38億,,正常狀態
野村環球非投資等級債券基金(月配息)(本基金配息來源可能為本金)(本投資標的於2023/7/1後不提供新契約連結)*,ACKH33-ING36,台幣,,2013/11/26,RR3,,2026/09/23,5.8917,-0.4,0.79,0.57,11.78,,3.1,-0.06,0.72,5.8917,3.03億,,正常狀態
富蘭克林華美全球非投資等級債券基金-美元(月配息)(本基金之配息來源可能為本金)(本投資標的於2023/7/1後不提供新契約連結)*,ACFT20-FL053,美元,,2013/10/21,RR3,,2026/09/23,6.4362,-0.87,0.69,0.55,20.35,,3.79,-0.05,1.06,6.4362,1.12億,,正常狀態
安聯特別收益多重資產基金-A類型(累積)-新臺幣(本基金有相當比重投資於非投資等級之高風險債券),ACDD106-DS101,台幣,,2020/07/21,RR3,,2026/09/23,11.38,-2.32,-3.48,0.44,10.06,,4.07,-0.05,-0.02,11.38,2.14億,,正常狀態
安聯特別收益多重資產基金-B類型(月配息)-新臺幣(本基金有相當比重投資於非投資等級之高風險債券且配息來源可能為本金)*,ACDD107-DS102,台幣,,2020/07/21,RR3,,2026/09/23,8.51,-2.4,-3.48,0.4,10.11,,4.06,-0.05,-0.01,8.51,1.29億,,正常狀態
摩根亞洲總合非投資等級債券基金(月配息)(本基金之配息來源可能為本金)(本投資標的於2023/7/1後不提供新契約連結)*,ACJF112-JF055,台幣,,2011/09/29,RR4,,2026/09/23,4.2812,0.41,2.48,0.34,10.33,,3.85,-0.06,0.87,4.2812,6.52億,,正常狀態
安聯美國短年期非投資等級債券基金A(累積)-新臺幣(本投資標的於2023/7/1後不提供新契約連結),ACDD90-DS081,台幣,,2019/05/03,RR3,,2026/09/23,10.3027,-0.58,-0.05,0.33,-2.88,,1.75,-0.15,0.29,10.3027,5.07億,,正常狀態
安聯美國短年期非投資等級債券基金B(月配息)-新臺幣(基金之配息來源可能為本金)(本投資標的於2023/7/1後不提供新契約連結)*,ACDD91-DS082,台幣,,2019/05/03,RR3,,2026/09/23,7.0226,-0.58,-0.06,0.32,-2.89,,1.75,-0.15,0.29,7.0226,3.87億,,正常狀態
群益印度中小基金-新臺幣,ACCA30-CPL23,台幣,,2011/06/08,RR5,,2026/09/23,30.87,-0.93,12.09,0.13,20.49,,18.84,0.01,1.19,30.87,84.83億,,正常狀態
安聯目標收益基金-人民幣(月配息)(本基金主要係投資於高風險非投資等級債券基金且配息來源可能為本金),ACDD45-DS049,人民幣,,2015/01/27,RR3,,2026/09/23,5.8581,-1.68,1.44,0.07,13.17,,4.5,-0.07,0.98,5.8581,1.75億,,已下架但可原定期(不)定額
安聯目標收益基金-人民幣(月配權)(本基金主要係投資於高風險非投資等級債券基金且配息來源可能為本金),ACDD45-DS070,人民幣,,2015/01/27,RR3,,2026/09/23,5.8581,-1.68,1.44,0.07,13.17,,4.5,-0.07,0.98,5.8581,1.75億,,已下架但可原定期(不)定額
施羅德中國非投資等級債券基金-人民幣(月配息)(基金之配息來源可能為本金)(本投資標的於2023/7/1後不提供新契約連結)*,ACES21-SD041,人民幣,,2013/05/24,RR4,,2026/09/23,1.2569,-0.44,1.07,0.06,11.97,,2.57,-0.13,0.64,1.2569,1.82億,,正常狀態
施羅德中國非投資等級債券基金-人民幣(基金之配息來源可能為本金)(本投資標的於2023/7/1後不提供新契約連結),ACES20-SD040,人民幣,,2013/05/24,RR4,,2026/09/23,2.2871,-0.45,1.05,0.04,12.18,,2.57,-0.13,0.63,2.2871,0.56億,,正常狀態
宏利實質多重資產證券投資信託基金-B類型(月配息)-新臺幣(本基金有相當比重投資於非投資等級之高風險債券且配息來源可能為本金)*,ACAP185-MNU30,台幣,,2021/08/17,RR3,,2026/09/23,7.6035,-3.54,-3.28,-0.05,8.5,,4.99,-0.07,0.13,7.6035,0.85億,,正常狀態
東方匯理全球非投資等級債券基金AD(月配息)-人民幣避險(本基金之配息來源可能為本金)(本投資標的於2023/7/1後不提供新契約連結),ACCF37-PIN34,人民幣,,2019/05/31,RR3,,2026/09/23,5.44,-0.35,1.16,-0.1,13.84,,3.2,-0.12,0.55,5.44,0.74億,,正常狀態
柏瑞美國雙核心收益基金(月配息)(基金之配息來源可能為本金)*,ACAI15-AIG07,台幣,,2007/04/10,RR2,,2026/09/23,5.8229,-2.64,-2.98,-0.11,4.82,,3.39,-0.11,0.72,5.8229,0.41億,,正常狀態
宏利數位基礎設施多重資產證券投資信託基金 B類型(月配息)-美元(本基金有相當比重投資於非投資等級之高風險債券且配息來源可能為本金)*,ACAP227-MNU33,美元,,2022/10/17,RR3,,2026/09/23,9.807,-3.09,0.49,-0.21,13.99,,8.81,-0.04,0.53,9.807,0.20億,,正常狀態
宏利數位基礎設施多重資產證券投資信託基金 A類型-美元(本基金有相當比重投資於非投資等級之高風險債券),ACAP226-MNU32,美元,,2022/10/17,RR3,,2026/09/23,12.0472,-3.09,0.49,-0.21,13.99,,8.81,-0.04,0.53,12.0472,0.09億,,正常狀態
中國信託ESG金融收益多重資產證券投資信託基金B類型(月配息)-美元(本基金有相當比重投資於非投資等級之高風險債券且本基金之配息來源可能為本金)*,ACDS121-CT003,美元,,2023/01/17,RR3,,2026/09/23,9.3588,-0.76,3.91,-0.24,16.45,,5.3,-0.07,0.31,9.3588,0.79億,,正常狀態
安聯四季豐收債券組合基金-人民幣(月配息)(本基金有一定比例之投資包含高風險非投資等級債券基金且配息來源可能為本金),ACDD37-DS048,人民幣,,2014/10/16,RR3,,2026/09/23,7.2621,-2.18,0.26,-0.43,12.29,,4.49,-0.1,1.16,7.2621,4.83億,,正常狀態
安聯四季豐收債券組合基金-人民幣(月配權)(本基金有一定比例之投資包含高風險非投資等級債券基金且配息來源可能為本金),ACDD37-DS069,人民幣,,2014/10/16,RR3,,2026/09/23,7.2621,-2.18,0.26,-0.43,12.29,,4.49,-0.1,1.16,7.2621,4.83億,,正常狀態
安聯四季豐收債券組合基金-人民幣(本基金有一定比例之投資包含高風險非投資等級債券基金),ACDD36-DS047,人民幣,,2014/11/04,RR3,,2026/09/23,15.031,-2.17,0.26,-0.43,12.27,,4.49,-0.1,1.16,15.031,0.85億,,正常狀態
柏瑞ESG量化債券基金B(月配息)-新臺幣(本基金有一定比重得投資於非投資等級之高風險債券且配息來源可能為本金)*,ACAI262-AIG42,台幣,,2020/01/30,RR2,,2026/09/23,6.4957,-2.35,-1.8,-0.46,6.86,,3.71,-0.13,0.92,6.4957,5.43億,,正常狀態
摩根中國雙息平衡基金(月配息)-美元(本基金有相當比重投資於非投資等級之高風險債券且配息來源可能為本金且並無保證收益及配息)*,ACJF140-JF103,美元,,2017/10/11,RR4,,2026/09/23,8.4316,-1.74,-0.47,-0.6,25.76,,11.76,-0.03,0.63,8.4316,3.57億,,正常狀態
柏瑞多重資產特別收益基金B(月配息)-南非幣(本基金有相當比重投資於非投資等級之高風險債券且配息來源可能為本金)*,ACAI204-AIG32,南非幣,,2018/11/30,RR3,,2026/09/23,6.7978,-1.72,-0.05,-0.92,17.58,,3.32,-0.18,0.85,6.7978,0.27億,,正常狀態
台新中証消費服務領先指數基金,ACTT20-TS009,台幣,,2014/06/03,RR5,,2026/09/23,18.259,-0.11,2.84,-1.09,1.87,,11.35,-0.04,0.56,18.259,12.54億,,正常狀態
聯博債券收益組合基金A2類型(新臺幣)(本基金得投資於非投資等級之高風險債券基金且配息來源可能為本金),ACTI20-AB094,台幣,,2014/03/19,RR2,,2026/09/23,10.82,-2.43,-1.19,-1.1,6.6,,4.07,-0.16,1.11,10.82,8.03億,,正常狀態
野村全球金融收益基金(累積)-新臺幣(本基金之配息來源可能為本金且並無保證收益及配息),ACKH113-ING71,台幣,,2018/08/21,RR2,,2026/09/23,10.6062,-2.97,-2.57,-1.12,7.73,,3.8,-0.17,0.94,10.6062,14.44億,,正常狀態
野村全球金融收益基金(月配息)-新臺幣(本基金之配息來源可能為本金且並無保證收益及配息)*,ACKH116-ING94,台幣,,2018/08/21,RR2,,2026/09/23,6.9169,-2.97,-2.56,-1.17,7.7,,3.8,-0.18,0.94,6.9169,17.25億,,正常狀態
摩根亞洲總合非投資等級債券基金-人民幣(月配息)(本基金之配息來源可能為本金)(本投資標的於2023/7/1後不提供新契約連結)*,ACJF122-JF087,人民幣,,2015/01/07,RR4,,2026/09/23,5.5011,0.13,2.03,-1.2,11.7,,3.9,-0.17,0.87,5.5011,0.20億,,正常狀態
華南永昌Shiller US CAPER ETF組合基金(累積)-美元(本基金之配息來源可能為本金),ACYC54-HN007,美元,,2017/07/24,RR4,,2026/09/23,20.23,-4.03,2.59,-1.22,29.68,,11.27,-0.05,0.96,20.23,0.62億,,正常狀態
摩根中國亮點基金,ACJF104-JF078,台幣,,2009/12/01,RR5,,2026/09/23,14.71,2.37,1.73,-1.28,22.58,,14.13,-0.03,0.55,14.71,13.94億,,正常狀態
聯博全球非投資等級債券基金-TA 人民幣(月配息)(基金之配息來源可能為本金)(本投資標的於2023/7/1後不提供新契約連結)*,ACTI45-AB083,人民幣,,2015/04/02,RR3,,2026/09/23,7.01,-1.51,0.47,-1.3,13.48,,3.8,-0.19,0.76,7.01,50.13億,,正常狀態
聯博全球非投資等級債券基金-TA 人民幣(月配權)(基金之配息來源可能為本金)(本投資標的於2023/7/1後不提供新契約連結)*,ACTI45-AB095,人民幣,,2015/04/02,RR3,,2026/09/23,7.01,-1.51,0.47,-1.3,13.48,,3.8,-0.19,0.76,7.01,50.13億,,正常狀態
台新ESG環保愛地球成長基金A-人民幣,ACTT124-TS032,人民幣,,2021/08/04,RR4,,2026/09/23,9.0277,-8.18,5.87,-1.78,19.2,,17.97,-0.03,1.15,9.0277,0.61億,,正常狀態
瀚亞全球非投資等級債券基金 B-人民幣(月配息)(本基金配息來源可能為本金)(本投資標的於2023/7/1後不提供新契約連結)*,ACCP48-PCA33,人民幣,,2014/09/25,RR3,,2026/09/23,4.211,-1.21,0.07,-1.8,11.04,,2.83,-0.31,0.79,4.211,1.79億,,正常狀態
柏瑞ESG量化債券基金B(月配息)-美元(本基金有一定比重得投資於非投資等級之高風險債券且配息來源可能為本金)*,ACAI275-AIG40,美元,,2020/01/30,RR2,,2026/09/23,6.843,-2.37,-0.7,-1.92,12.73,,4.56,-0.19,1.24,6.843,3.83億,,正常狀態
柏瑞全球策略非投資等級債券基金-B人民幣(月配息)(本基金之配息來源可能為本金)(本投資標的於2023/7/1後不提供新契約連結)*,ACAI33-AIG12,人民幣,,2014/09/18,RR3,,2026/09/23,5.9477,-1.64,-0.22,-2.32,10.73,,3.71,-0.27,1.03,5.9477,1.51億,,正常狀態
台新策略優選總回報非投資等級債券基金(月配息)-人民幣(本基金之配息來源可能為本金)(本投資標的於2023/7/1後不提供新契約連結),ACTT94-TS029,人民幣,,2020/10/23,RR3,,2026/09/23,7.9296,-0.94,0.07,-2.32,10.04,,2.41,-0.42,0.62,7.9296,0.14億,,正常狀態
台新ESG環保愛地球成長基金A-澳幣,ACTT126-TS033,澳幣,,2021/08/04,RR4,,2026/09/23,9.1152,-8.67,8.17,-2.36,18.68,,17.64,-0.04,0.89,9.1152,0.40億,,正常狀態
合庫全球非投資等級債券基金-人民幣(月配息)(本基金主要係投資於非投資等級之高風險債券且配息來源可能為本金)(本投資標的於2023/7/1後不提供新契約連結)*,ACCB17-TCB14,人民幣,,2015/01/12,RR3,,2026/09/23,6.5818,-0.79,-0.24,-2.41,11.61,,2.27,-0.46,0.55,6.5818,0.57億,,正常狀態
野村環球非投資等級債券基金-人民幣(本基金配息來源可能為本金)(本投資標的於2023/7/1後不提供新契約連結),ACKH34-ING42,人民幣,,2014/09/25,RR3,,2026/09/23,13.7584,-0.8,0.58,-2.47,10.3,,3.52,-0.3,0.94,13.7584,0.28億,,正常狀態
柏瑞多重資產特別收益基金B(月配息)-美元(本基金有相當比重投資於非投資等級之高風險債券且配息來源可能為本金)*,ACAI193-AIG31,美元,,2018/01/31,RR3,,2026/09/23,6.601,-2.21,-1.05,-2.52,11.73,,4.26,-0.25,1.12,6.601,2.77億,,正常狀態
野村環球非投資等級債券基金-人民幣(月配息)(本基金配息來源可能為本金)(本投資標的於2023/7/1後不提供新契約連結)*,ACKH35-ING38,人民幣,,2014/09/25,RR3,,2026/09/23,6.1412,-0.84,0.53,-2.68,10.15,,3.54,-0.32,0.95,6.1412,1.32億,,正常狀態
野村全球金融收益基金(累積)-美元(本基金之配息來源可能為本金且並無保證收益及配息),ACKH114-ING70,美元,,2018/08/21,RR2,,2026/09/23,11.3012,-3,-1.37,-2.75,13.47,,4.75,-0.24,1.29,11.3012,3.29億,,正常狀態
瀚亞印度策略收益債券基金B(月配息)-新臺幣(本基金有相當比重投資於非投資等級之高風險債券且配息來源可能為本金)(本投資標的於2023/7/1後不提供新契約連結)*,ACCP106-PCA46,台幣,,2017/09/12,RR3,,2026/09/23,4.76,-0.76,-0.43,-3,-8.4,,6.71,-0.17,1.29,4.76,2.28億,,正常狀態
柏瑞新興亞太策略債券基金-人民幣(本基金有相當比重投資於非投資等級之高風險債券)(本投資標的於2023/7/1後不提供新契約連結),ACAI36-AIG16,人民幣,,2015/06/17,RR3,,2026/09/23,13.3856,-2.34,-1.33,-3.22,9.2,,3.77,-0.34,1,13.3856,0.10億,,正常狀態
柏瑞新興亞太策略債券基金-人民幣(月配息)(本基金有相當比重投資於非投資等級之高風險債券且配息來源可能為本金)(本投資標的於2023/7/1後不提供新契約連結)*,ACAI37-AIG17,人民幣,,2015/02/03,RR3,,2026/09/23,6.6327,-2.34,-1.33,-3.23,9.21,,3.77,-0.34,1,6.6327,0.33億,,正常狀態
柏瑞ESG新興市場企業策略債券基金-人民幣(本基金有相當比重投資於非投資等級之高風險債券)(本投資標的於2023/7/1後不提供新契約連結),ACAI34-AIG14,人民幣,,2016/05/03,RR3,,2026/09/23,12.1008,-2.1,-1.27,-3.44,7.62,,3.29,-0.41,0.78,12.1008,0.02億,,正常狀態
柏瑞ESG新興市場企業策略債券基金-人民幣(月配息)(本基金有相當比重投資於非投資等級之高風險債券且配息來源可能為本金)(本投資標的於2023/7/1後不提供新契約連結)*,ACAI35-AIG15,人民幣,,2015/06/08,RR3,,2026/09/23,5.9325,-2.1,-1.27,-3.44,7.65,,3.28,-0.41,0.78,5.9325,0.04億,,正常狀態
富蘭克林華美全球非投資等級債券基金-人民幣(月配息)(本基金之配息來源可能為本金)(本投資標的於2023/7/1後不提供新契約連結)*,ACFT26-FL048,人民幣,,2014/10/01,RR3,,2026/09/23,6.5064,-1.69,-1.12,-3.55,10.41,,3.41,-0.41,0.96,6.5064,0.98億,,正常狀態
宏利亞太入息債券基金-人民幣避險(月配息)(本基金之配息來源可能為本金及收益平準金且並無保證收益及配息)(本投資標的於2023/7/1後不提供新契約連結)*,ACAP55-MNU11,人民幣,,2015/03/20,RR3,,2026/09/23,1.9132,-2.54,-2.59,-3.61,4.32,,2.61,-0.54,0.74,1.9132,0.03億,,正常狀態
台新新興富域國家債券基金B(月配息)-美元(本基金有相當比重投資於非投資等級之高風險債券且基金之配息來源可能為本金)(本投資標的於2023/7/1後不提供新契約連結)*,ACTS93-SK004,美元,,2020/01/21,RR3,,2026/09/23,6.5858,-3.83,-0.68,-3.65,15.04,,6.93,-0.2,1.84,6.5858,0.11億,,正常狀態
宏利亞太入息債券基金-人民幣避險(本投資標的於2023/7/1後不提供新契約連結),ACAP54-MNU10,人民幣,,2015/03/20,RR3,,2026/09/23,3.2136,-2.53,-2.49,-3.65,4.88,,2.99,-0.47,0.85,3.2136,8.48億,,正常狀態
華南永昌全球精品基金,ACYC17-HN001,台幣,,2006/11/23,RR4,,2026/09/23,21.77,-5.96,1.78,-3.67,22.99,,12.6,-0.1,0.85,21.77,4.28億,,正常狀態
宏利實質多重資產證券投資信託基金-B類型(月配息)-人民幣(本基金有相當比重投資於非投資等級之高風險債券且配息來源可能為本金)*,ACAP189-MNU31,人民幣,,2021/08/17,RR3,,2026/09/23,6.8538,-3.99,-3.25,-3.96,5.9,,5.44,-0.27,0.26,6.8538,0.27億,,正常狀態
安聯特別收益多重資產基金-B類型(月配息)-美元(本基金有相當比重投資於非投資等級之高風險債券且配息來源可能為本金)*,ACDD116-DS104,美元,,2020/07/21,RR3,,2026/09/23,7.36,-2.62,-2.24,-4.05,11.88,,4.04,-0.38,0.23,7.36,1.18億,,正常狀態
安聯特別收益多重資產基金-A類型(累積)-美元(本基金有相當比重投資於非投資等級之高風險債券),ACDD115-DS103,美元,,2020/07/21,RR3,,2026/09/23,10.76,-2.62,-2.36,-4.1,11.73,,4,-0.39,0.23,10.76,0.71億,,正常狀態
摩根中國雙息平衡基金(累積型)-人民幣(本基金有相當比重投資於非投資等級之高風險債券且並無保證收益及配息),ACJF133-JF104,人民幣,,2015/08/25,RR4,,2026/09/23,17.1497,-2.52,-2.21,-4.1,16.43,,11.44,-0.12,0.6,17.1497,2.66億,,正常狀態
兆豐中國A股基金-人民幣,ACII41-MG003,人民幣,,2017/01/16,RR5,,2026/09/23,16.77,0.42,-4.17,-4.61,8.75,,14.64,-0.1,0.54,16.77,5.72億,,正常狀態
瀚亞印度策略收益債券基金B(月配息)-美元(本基金有相當比重投資於非投資等級之高風險債券且配息來源可能為本金)(本投資標的於2023/7/1後不提供新契約連結)*,ACCP107-PCA47,美元,,2017/09/12,RR3,,2026/09/23,4.91,-0.73,0.37,-4.65,-3.23,,7.23,-0.23,1.48,4.91,1.03億,,正常狀態
匯豐中國A股匯聚基金-人民幣,ACCI52-HSB16,人民幣,,2015/03/18,RR5,,2026/09/23,4.1885,-13.57,-9.59,-4.74,11.04,,23.38,-0.04,1.53,4.1885,5.07億,,正常狀態
合庫標普利變特別股收益指數基金A(累積型)-人民幣*,ACCB38-TCB29,人民幣,,2018/03/26,RR4,,2026/09/23,12.64,-0.78,-1.71,-4.96,6.49,,2.24,-0.81,0.11,12.64,0.06億,,正常狀態
合庫標普利變特別股收益指數基金B(月配息)-人民幣(本基金之配息來源可能為本金)*,ACCB39-TCB28,人民幣,,2018/03/26,RR4,,2026/09/23,6.8,-0.76,-1.77,-5.04,6.43,,2.2,-0.83,0.11,6.8,0.31億,,正常狀態
群益全球特別股收益基金B(月配息)-新臺幣(本基金之配息來源可能為本金)*,ACCA100-CPL15,台幣,,2017/06/21,RR3,,2026/09/23,5.32,-2.76,-4.97,-5.52,-1.55,,4.18,-0.47,0.09,5.32,0.77億,,正常狀態
台新中証消費服務領先指數基金-美元,ACTT52-TS017,美元,,2018/05/03,RR5,,2026/09/23,0.5771,-0.4,4.06,-5.53,3.22,,13.09,-0.13,0.75,0.5771,5.59億,,正常狀態
野村全球金融收益基金(月配息)-人民幣(本基金之配息來源可能為本金且並無保證收益及配息)*,ACKH118-ING93,人民幣,,2018/08/21,RR2,,2026/09/23,7.1836,-3.64,-2.9,-6.01,5.57,,4.39,-0.48,1.21,7.1836,1.55億,,正常狀態
柏瑞特別股息收益基金B(月配息)-新臺幣(本基金並無保證收益及配息且配息來源可能為本金)*,ACAI166-AIG25,台幣,,2017/01/23,RR3,,2026/09/23,5.77,-4.07,-5.83,-6.01,0.42,,4.23,-0.5,0.12,5.77,37.73億,,正常狀態
柏瑞特別股息收益基金A-新臺幣(本基金並無保證收益及配息),ACAI165-AIG24,台幣,,2017/01/23,RR3,,2026/09/23,11.31,-4.15,-5.83,-6.06,0.44,,4.27,-0.5,0.12,11.31,7.11億,,正常狀態
瀚亞印度策略收益平衡基金B(月配息)-新臺幣(本基金有相當比重投資於非投資等級之高風險債券且配息來源可能為本金)*,ACCP102-PCA44,台幣,,2017/09/12,RR3,,2026/09/23,5.56,-0.82,0.36,-6.28,-4.77,,11.86,-0.17,2.7,5.56,2.05億,,正常狀態
中國信託亞太實質收息多重資產基金B(月配息)-新臺幣(本基金之配息來源可能為本金),ACDS87-CT001,台幣,,2020/04/30,RR4,,2026/09/23,7.51,-16.8,0.27,-6.89,4.28,,23.97,-0.07,1.06,7.51,0.16億,,正常狀態
瀚亞印度策略收益平衡基金B(月配息)-美元(本基金有相當比重投資於非投資等級之高風險債券且配息來源可能為本金)*,ACCP103-PCA45,美元,,2017/09/12,RR3,,2026/09/23,5.85,-0.77,1.36,-7.09,1.21,,12.32,-0.18,2.84,5.85,1.34億,,正常狀態
柏瑞特別股息收益基金A-美元(本基金並無保證收益及配息),ACAI167-AIG26,美元,,2017/01/23,RR3,,2026/09/23,12.43,-3.94,-4.6,-7.17,5.97,,4.73,-0.52,0.26,12.43,5.40億,,正常狀態
柏瑞特別股息收益基金B(月配息)-美元(本基金並無保證收益及配息且配息來源可能為本金)*,ACAI168-AIG27,美元,,2017/01/23,RR3,,2026/09/23,6.47,-3.98,-4.68,-7.25,5.9,,4.72,-0.53,0.25,6.47,30.86億,,正常狀態
聯邦美國優選投資等級債券證券投資信託基金-B類型-美元(本基金有一定比重得投資於非投資等級債券且配息來源可能為本金),ACUI88-UN004,美元,,2024/05/23,RR2,,2026/09/23,8.6556,-5.61,-3.95,-7.36,N/A,,6.71,-0.37,1.54,8.6556,0.26億,,正常狀態
群益全球特別股收益基金B(月配息)-美元(本基金之配息來源可能為本金)*,ACCA102-CPL16,美元,,2017/06/21,RR3,,2026/09/23,5.6203,-2.9,-3.86,-8.78,1.36,,5.04,-0.59,0.29,5.6203,0.24億,,正常狀態
中國信託越南機會基金-新臺幣,ACDS94-CT002,台幣,,2020/08/25,RR5,,2026/09/23,13.92,-3.4,5.94,-9.49,1.38,,21.15,-0.12,0.75,13.92,77.35億,,正常狀態
柏瑞特別股息收益基金B(月配息)-人民幣(本基金並無保證收益及配息且配息來源可能為本金)*,ACAI170-AIG33,人民幣,,2017/01/23,RR3,,2026/09/23,5.76,-4.76,-6.13,-9.89,-1.76,,4.52,-0.74,0.23,5.76,7.51億,,正常狀態